{
	"version": "1.0.0",
	"offsets": [
		0,
		0
	],
	"renderType": "sparrow",
	"danceEvery": 1,
	"scale": 1,
	"name": "Ayumu Kasuga",
	"cameraOffsets": [
		0,
		0
	],
	"flipX": false,
	"singTime": 6,
	"startingAnimation": "idle",
	"isPixel": false,
	"assetPath": "backgrounds/trainStation/chars/bgOsak",
	"healthIcon": {
		"offsets": [
			0,
			0
		],
		"id": "ayumu",
		"flipX": false,
		"isPixel": false,
		"scale": 1
	},
	"animations": [
		{
			"flipY": false,
			"offsets": [
				0,
				0
			],
			"frameRate": 24,
			"prefix": "osaka idle",
			"flipX": false,
			"looped": false,
			"name": "idle"
		},
		{
			"flipY": false,
			"offsets": [
				5,
				0
			],
			"frameRate": 24,
			"prefix": "osaka left",
			"flipX": false,
			"looped": false,
			"name": "singLEFT"
		},
		{
			"flipY": false,
			"offsets": [
				0,
				0
			],
			"frameRate": 24,
			"prefix": "osaka down",
			"flipX": false,
			"looped": false,
			"name": "singDOWN"
		},
		{
			"flipY": false,
			"offsets": [
				0,
				5
			],
			"frameRate": 24,
			"prefix": "osaka up",
			"flipX": false,
			"looped": false,
			"name": "singUP"
		},
		{
			"flipY": false,
			"offsets": [
				-5,
				0
			],
			"frameRate": 24,
			"prefix": "osaka right",
			"flipX": false,
			"looped": false,
			"name": "singRIGHT"
		}
	]
}