{
  "version": "1.0.0",
  "name": "Boyfriend (Side Week)",
  "renderType": "multisparrow",
  "assetPath": "characters/BOYFRIEND",
  "flipX": true,
  "singTime": 8.0,
 	"healthIcon": {
		"isPixel": false,
		"offsets": [
			0,
			0
		],
		"scale": 1,
		"id": "bf",
		"flipX": false
	},
  "animations": [
    {
      "name": "idle",
      "prefix": "BF idle dance",
      "offsets": [-5, 0]
    },
    {
      "name": "singLEFT",
      "prefix": "BF NOTE LEFT0",
      "offsets": [12, -6]
    },
    {
      "name": "singDOWN",
      "prefix": "BF NOTE DOWN0",
      "offsets": [-10, -50]
    },
    {
      "name": "singUP",
      "prefix": "BF NOTE UP0",
      "offsets": [-29, 27]
    },
    {
      "name": "singRIGHT",
      "prefix": "BF NOTE RIGHT0",
      "offsets": [-38, -7]
    },
    {
      "name": "singLEFTmiss",
      "prefix": "BF NOTE LEFT MISS",
      "offsets": [12, 24]
    },
    {
      "name": "singDOWNmiss",
      "prefix": "BF NOTE DOWN MISS",
      "offsets": [-11, -19]
    },
    {
      "name": "singUPmiss",
      "prefix": "BF NOTE UP MISS",
      "offsets": [-29, 27]
    },
    {
      "name": "singRIGHTmiss",
      "prefix": "BF NOTE RIGHT MISS",
      "offsets": [-30, 21]
    },
    {
      "name": "preAttack",
      "prefix": "bf pre attack",
      "offsets": [0, 0]
    },
    {
      "name": "attack",
      "prefix": "boyfriend attack",
      "offsets": [0, 0]
    },
    {
      "name": "dodge",
      "prefix": "boyfriend dodge",
      "offsets": [0, 0]
    },
    {
      "name": "hey",
      "prefix": "BF HEY!!",
      "offsets": [7, 4]
    },
    {
      "name": "cheer",
      "prefix": "Cheer",
      "assetPath": "characters/BFCheer",
      "offsets": [0, 0]
    },
    {
      "name": "hit",
      "prefix": "BF hit",
      "assetPath": "characters/BOYFRIEND",
      "offsets": [0, 0]
    },
    {
      "name": "firstDeath",
      "prefix": "BF dies",
      "offsets": [-37, 11]
    },
    {
      "name": "fakeoutDeath",
      "prefix": "BF dies",
      "offsets": [-37, 11]
    },
    {
      "name": "deathLoop",
      "prefix": "BF Dead Loop",
      "looped": true,
      "offsets": [-37, 5]
    },
    {
      "name": "deathConfirm",
      "prefix": "BF Dead confirm",
      "offsets": [-37, 69]
    },
    {
      "name": "scared",
      "prefix": "BF idle shaking",
      "offsets": [-4, 0]
    },
    {
      "name": "look",
      "prefix": "BF lookie",
      "assetPath": "characters/bfLookie",
      "offsets": [-6, 4]
    },
    {
      "name": "idle-look",
      "prefix": "BF Look idle",
      "assetPath": "characters/bfLookie",
      "offsets": [-7, 0]
    },
    {
      "name": "singLEFT-look",
      "prefix": "BF LOOKING NOTE LEFT",
      "assetPath": "characters/bfLookie",
      "offsets": [
				1,
				-6
			]
    },
    {
      "name": "singDOWN-look",
      "prefix": "BF LOOKING NOTE DOWN",
      "assetPath": "characters/bfLookie",
      "offsets": [-8,
				-49]
    },
    {
      "name": "singUP-look",
      "prefix": "BF LOOKING NOTE UP",
      "assetPath": "characters/bfLookie",
      "offsets": [-37,
				20]
    },
    {
      "name": "singRIGHT-look",
      "prefix": "BF LOOKING NOTE RIGHT",
      "assetPath": "characters/bfLookie",
      "offsets": [-39,
				-8]
    }
  ]
}
