{
	"version": "1.0.0",
	"renderType": "sparrow",
	"offsets": [
		0,
		10
	],
	"danceEvery": 1,
	"scale": 1,
	"name": "Padudu",
	"flipX": false,
	"cameraOffsets": [
		0,
		0
	],
	"isPixel": false,
	"singTime": 4,
	"startingAnimation": "idle",
	"assetPath": "characters/padudu",
	"healthIcon": {
		"offsets": [
			-80,
			0
		],
		"isPixel": false,
		"scale": 1,
		"id": "padudu",
		"flipX": false
	},
	"animations": [
		{
			"flipY": false,
			"offsets": [
				0,
				0
			],
			"frameRate": 24,
			"frameIndices": [],
			"prefix": "padudu idle",
			"flipX": false,
			"looped": false,
			"name": "idle"
		},
		{
			"flipY": false,
			"offsets": [
				10,
				-1
			],
			"frameRate": 24,
			"frameIndices": [],
			"prefix": "padudu left",
			"flipX": false,
			"looped": false,
			"name": "singLEFT"
		},
		{
			"flipY": false,
			"offsets": [
				60,
				-62
			],
			"frameRate": 24,
			"frameIndices": [],
			"prefix": "padudu down",
			"flipX": false,
			"looped": false,
			"name": "singDOWN"
		},
		{
			"flipY": false,
			"offsets": [
				20,
				80
			],
			"frameRate": 24,
			"frameIndices": [],
			"prefix": "padudu up",
			"flipX": false,
			"looped": false,
			"name": "singUP"
		},
		{
			"flipY": false,
			"offsets": [
				-24,
				5
			],
			"frameRate": 24,
			"frameIndices": [],
			"prefix": "padudu right",
			"flipX": false,
			"looped": false,
			"name": "singRIGHT"
		}
	]
}