{
	"version": "1.0.0",
	"renderType": "multisparrow",
	"offsets": [
		0,
		10
	],
	"danceEvery": 1,
	"scale": 1,
	"name": "Tomo Takino",
	"cameraOffsets": [
		0,
		0
	],
	"flipX": false,
	"singTime": 6,
	"startingAnimation": "idle",
	"isPixel": false,
	"assetPath": "characters/takino",
	"healthIcon": {
		"isPixel": false,
		"offsets": [
			0,
			0
		],
		"scale": 1,
		"id": "takino",
		"flipX": false
	},
	"animations": [
		{
			"offsets": [
				-25,
				0
			],
			"flipY": false,
			"frameRate": 24,
			"prefix": "tomo hey",
			"name": "hey",
			"looped": false,
			"flipX": false
		},
		{
			"offsets": [
				0,
				0
			],
			"flipY": false,
			"frameRate": 24,
			"prefix": "tomo idle",
			"name": "idle",
			"looped": false,
			"flipX": false
		},
		{
			"offsets": [
				55,
				9
			],
			"flipY": false,
			"frameRate": 24,
			"prefix": "tomo left",
			"name": "singLEFT",
			"looped": false,
			"flipX": false
		},
		{
			"offsets": [
				5,
				-50
			],
			"flipY": false,
			"frameRate": 24,
			"prefix": "tomo down",
			"name": "singDOWN",
			"looped": false,
			"flipX": false
		},
		{
			"offsets": [
				-6,
				69
			],
			"flipY": false,
			"frameRate": 24,
			"prefix": "tomo up",
			"name": "singUP",
			"looped": false,
			"flipX": false
		},
		{
			"offsets": [
				-90,
				-1
			],
			"flipY": false,
			"frameRate": 24,
			"prefix": "tomo right",
			"name": "singRIGHT",
			"looped": false,
			"flipX": false
		},
		{
			"offsets": [
				55,
				-1
			],
			"flipY": false,
			"assetPath": "characters/tomoAnims/takinoPeeved",
			"frameRate": 24,
			"prefix": "peeved tomo left",
			"name": "singLEFT-peeved",
			"looped": false,
			"flipX": false
		},
		{
			"offsets": [
				5,
				-50
			],
			"flipY": false,
			"assetPath": "characters/tomoAnims/takinoPeeved",
			"frameRate": 24,
			"prefix": "peeved tomo down",
			"name": "singDOWN-peeved",
			"looped": false,
			"flipX": false
		},
		{
			"offsets": [
				-6,
				59
			],
			"flipY": false,
			"assetPath": "characters/tomoAnims/takinoPeeved",
			"frameRate": 24,
			"prefix": "peeved tomo up",
			"name": "singUP-peeved",
			"looped": false,
			"flipX": false
		},
		{
			"offsets": [
				-90,
				-1
			],
			"flipY": false,
			"assetPath": "characters/tomoAnims/takinoPeeved",
			"frameRate": 24,
			"prefix": "peeved tomo right",
			"name": "singRIGHT-peeved",
			"looped": false,
			"flipX": false
		},
		{
			"offsets": [
				60,
				14
			],
			"flipY": false,
			"assetPath": "characters/tomoAnims/takinoMisses",
			"frameRate": 24,
			"prefix": "tomo miss left",
			"name": "singLEFT-miss",
			"looped": false,
			"flipX": false
		},
		{
			"offsets": [
				-6,
				94
			],
			"flipY": false,
			"assetPath": "characters/tomoAnims/takinoMisses",
			"frameRate": 24,
			"prefix": "tomo miss up",
			"name": "singUP-miss",
			"looped": false,
			"flipX": false
		},
		{
			"offsets": [
				-100,
				22
			],
			"flipY": false,
			"assetPath": "characters/tomoAnims/takinoMisses",
			"frameRate": 24,
			"prefix": "tomo miss right",
			"name": "singRIGHT-miss",
			"looped": false,
			"flipX": false
		},
		{
			"offsets": [
				0,
				0
			],
			"flipY": false,
			"assetPath": "characters/tomoAnims/takinoDialogue",
			"frameRate": 24,
			"prefix": "tomo DudeIGetIt",
			"name": "dude",
			"looped": false,
			"flipX": false
		}
	]
}