{
  "version": "2.2.3",
  "songName": "Malefactor (W.I.P)",
  "artist": "neontflame",
  "divisions": 96,
  "looped": false,
  "offsets": {
    "instrumental": 0,
    "altInstrumentals": {    },
    "vocals": {    }
  },
  "playData": {
    "songVariations": [    ],
    "difficulties": [
      "normal"
    ],
    "characters": {
      "player": "bf",
      "girlfriend": "gf",
      "opponent": "tomo",
      "instrumental": "",
      "altInstrumentals": [      ]
    },
    "stage": "malefactor",
    "noteStyle": "funkin",
    "ratings": {
      "normal": 0
    },
    "previewStart": 0,
    "previewEnd": 0
  },
  "generatedBy": "Friday Night Funkin' - v0.4.1",
  "timeFormat": "ms",
  "timeChanges": [
    {
      "t": 0,
      "b": 0,
      "bpm": 220,
      "n": 4,
      "d": 4,
      "bt": [
        4,
        4,
        4,
        4
      ]
    }
  ]
}