{
  "version": "2.0.0",
  "scrollSpeed": {
    "normal": 3.2
  },
  "events": [
    {
      "t": 0,
      "e": "FocusCamera",
      "v": {
	"char": 1
}
    },
    {
      "t": 1090.90909090909,
      "e": "FocusCamera",
      "v": {
	"char": 0
}
    },
    {
      "t": 2181.81818181818,
      "e": "FocusCamera",
      "v": {
	"char": 1
}
    },
    {
      "t": 3272.72727272727,
      "e": "FocusCamera",
      "v": {
	"char": 0
}
    },
    {
      "t": 4363.63636363636,
      "e": "FocusCamera",
      "v": {
	"char": 1
}
    },
    {
      "t": 5454.54545454545,
      "e": "FocusCamera",
      "v": {
	"char": 0
}
    },
    {
      "t": 6545.45454545454,
      "e": "FocusCamera",
      "v": {
	"char": 1
}
    },
    {
      "t": 7636.36363636364,
      "e": "FocusCamera",
      "v": {
	"char": 0
}
    },
    {
      "t": 8727.27272727273,
      "e": "FocusCamera",
      "v": {
	"char": 1
}
    },
    {
      "t": 13090.9090909091,
      "e": "FocusCamera",
      "v": {
	"char": 0
}
    },
    {
      "t": 17454.5454545455,
      "e": "FocusCamera",
      "v": {
	"char": 1
}
    },
    {
      "t": 21818.1818181818,
      "e": "FocusCamera",
      "v": {
	"char": 0
}
    },
    {
      "t": 25090.9090909091,
      "e": "SetCameraBop",
      "v": {
	"rate": 1,
	"intensity": 1.2
}
    },
    {
      "t": 25363.6363636364,
      "e": "ZoomCamera",
      "v": {
	"ease": "cubeOut",
	"duration": 4,
	"mode": "stage",
	"zoom": 1.1
}
    },
    {
      "t": 25636.3636363636,
      "e": "ZoomCamera",
      "v": {
	"ease": "cubeOut",
	"duration": 4,
	"mode": "stage",
	"zoom": 1.2
}
    },
    {
      "t": 25909.0909090909,
      "e": "ZoomCamera",
      "v": {
	"ease": "cubeOut",
	"duration": 4,
	"mode": "stage",
	"zoom": 1.3
}
    },
    {
      "t": 26181.8181818182,
      "e": "SetCameraBop",
      "v": {
	"rate": 4,
	"intensity": 1
}
    },
    {
      "t": 26181.8181818182,
      "e": "FocusCamera",
      "v": {
	"char": 1
}
    },
    {
      "t": 26250,
      "e": "ZoomCamera",
      "v": {
	"duration": 16,
	"ease": "cubeOut",
	"mode": "stage",
	"zoom": 1
}
    },
    {
      "t": 30545.4545454545,
      "e": "FocusCamera",
      "v": {
	"char": 0
}
    },
    {
      "t": 34909.0909090909,
      "e": "FocusCamera",
      "v": {
	"char": 1
}
    },
    {
      "t": 34977.2727272727,
      "e": "SetCameraBop",
      "v": {
	"rate": 1,
	"intensity": 1.2
}
    },
    {
      "t": 39272.7272727273,
      "e": "FocusCamera",
      "v": {
	"char": 0
}
    },
    {
      "t": 43568.1818181818,
      "e": "SetCameraBop",
      "v": {
	"rate": 4,
	"intensity": 1
}
    },
    {
      "t": 43636.3636363636,
      "e": "FocusCamera",
      "v": {
	"char": 1
}
    },
    {
      "t": 48000,
      "e": "FocusCamera",
      "v": {
	"char": 0
}
    },
    {
      "t": 52363.6363636364,
      "e": "FocusCamera",
      "v": {
	"char": 1
}
    }
  ],
  "notes": {
    "easy": [    ],
    "normal": [
      {
        "t": 8727.27272727273,
        "d": 4,
        "l": 0
      },
      {
        "t": 8863.63636363636,
        "d": 7,
        "l": 68.1818181818182
      },
      {
        "t": 9000,
        "d": 4,
        "l": 0
      },
      {
        "t": 9136.36363636364,
        "d": 6,
        "l": 0
      },
      {
        "t": 9272.72727272727,
        "d": 5,
        "l": 68.1818181818182
      },
      {
        "t": 9409.09090909091,
        "d": 6,
        "l": 0
      },
      {
        "t": 9545.45454545454,
        "d": 7,
        "l": 68.1818181818182
      },
      {
        "t": 9681.81818181818,
        "d": 4,
        "l": 0
      },
      {
        "t": 9818.18181818182,
        "d": 6,
        "l": 68.1818181818182
      },
      {
        "t": 9954.54545454545,
        "d": 7,
        "l": 0
      },
      {
        "t": 10090.9090909091,
        "d": 5,
        "l": 0
      },
      {
        "t": 10227.2727272727,
        "d": 6,
        "l": 68.1818181818182
      },
      {
        "t": 10363.6363636364,
        "d": 4,
        "l": 0
      },
      {
        "t": 10500,
        "d": 5,
        "l": 0
      },
      {
        "t": 10636.3636363636,
        "d": 7,
        "l": 204.545454545455
      },
      {
        "t": 10909.0909090909,
        "d": 4,
        "l": 0
      },
      {
        "t": 11045.4545454545,
        "d": 7,
        "l": 0
      },
      {
        "t": 11113.6363636364,
        "d": 5,
        "l": 0
      },
      {
        "t": 11181.8181818182,
        "d": 4,
        "l": 0
      },
      {
        "t": 11318.1818181818,
        "d": 6,
        "l": 0
      },
      {
        "t": 11454.5454545455,
        "d": 5,
        "l": 68.1818181818182
      },
      {
        "t": 11590.9090909091,
        "d": 6,
        "l": 0
      },
      {
        "t": 11727.2727272727,
        "d": 7,
        "l": 68.1818181818182
      },
      {
        "t": 11863.6363636364,
        "d": 4,
        "l": 0
      },
      {
        "t": 12000,
        "d": 6,
        "l": 68.1818181818182
      },
      {
        "t": 12136.3636363636,
        "d": 7,
        "l": 0
      },
      {
        "t": 12272.7272727273,
        "d": 5,
        "l": 0
      },
      {
        "t": 12409.0909090909,
        "d": 6,
        "l": 68.1818181818182
      },
      {
        "t": 12545.4545454545,
        "d": 4,
        "l": 0
      },
      {
        "t": 12681.8181818182,
        "d": 7,
        "l": 0
      },
      {
        "t": 12818.1818181818,
        "d": 6,
        "l": 204.545454545455
      },
      {
        "t": 13090.9090909091,
        "d": 7,
        "l": 477.272727272727
      },
      {
        "t": 13090.9090909091,
        "d": 0,
        "l": 0
      },
      {
        "t": 13227.2727272727,
        "d": 3,
        "l": 68.1818181818182
      },
      {
        "t": 13363.6363636364,
        "d": 0,
        "l": 0
      },
      {
        "t": 13500,
        "d": 2,
        "l": 0
      },
      {
        "t": 13636.3636363636,
        "d": 1,
        "l": 68.1818181818182
      },
      {
        "t": 13772.7272727273,
        "d": 2,
        "l": 0
      },
      {
        "t": 13909.0909090909,
        "d": 3,
        "l": 68.1818181818182
      },
      {
        "t": 14045.4545454545,
        "d": 0,
        "l": 0
      },
      {
        "t": 14181.8181818182,
        "d": 2,
        "l": 68.1818181818182
      },
      {
        "t": 14318.1818181818,
        "d": 3,
        "l": 0
      },
      {
        "t": 14454.5454545455,
        "d": 1,
        "l": 0
      },
      {
        "t": 14590.9090909091,
        "d": 2,
        "l": 68.1818181818182
      },
      {
        "t": 14727.2727272727,
        "d": 0,
        "l": 0
      },
      {
        "t": 14863.6363636364,
        "d": 1,
        "l": 0
      },
      {
        "t": 15000,
        "d": 3,
        "l": 204.545454545455
      },
      {
        "t": 15272.7272727273,
        "d": 0,
        "l": 0
      },
      {
        "t": 15409.0909090909,
        "d": 3,
        "l": 0
      },
      {
        "t": 15477.2727272727,
        "d": 1,
        "l": 0
      },
      {
        "t": 15545.4545454545,
        "d": 0,
        "l": 0
      },
      {
        "t": 15681.8181818182,
        "d": 2,
        "l": 0
      },
      {
        "t": 15818.1818181818,
        "d": 1,
        "l": 68.1818181818182
      },
      {
        "t": 15954.5454545455,
        "d": 2,
        "l": 0
      },
      {
        "t": 16090.9090909091,
        "d": 3,
        "l": 68.1818181818182
      },
      {
        "t": 16227.2727272727,
        "d": 0,
        "l": 0
      },
      {
        "t": 16363.6363636364,
        "d": 2,
        "l": 68.1818181818182
      },
      {
        "t": 16500,
        "d": 3,
        "l": 0
      },
      {
        "t": 16636.3636363636,
        "d": 1,
        "l": 0
      },
      {
        "t": 16772.7272727273,
        "d": 2,
        "l": 68.1818181818182
      },
      {
        "t": 16909.0909090909,
        "d": 0,
        "l": 0
      },
      {
        "t": 17045.4545454545,
        "d": 3,
        "l": 0
      },
      {
        "t": 17181.8181818182,
        "d": 2,
        "l": 204.545454545455
      },
      {
        "t": 17454.5454545454,
        "d": 3,
        "l": 477.272727272727
      },
      {
        "t": 17454.5454545455,
        "d": 4,
        "l": 0
      },
      {
        "t": 17590.9090909091,
        "d": 7,
        "l": 68.1818181818182
      },
      {
        "t": 17727.2727272727,
        "d": 4,
        "l": 0
      },
      {
        "t": 17863.6363636364,
        "d": 7,
        "l": 0
      },
      {
        "t": 18000,
        "d": 6,
        "l": 68.1818181818182
      },
      {
        "t": 18136.3636363636,
        "d": 4,
        "l": 0
      },
      {
        "t": 18272.7272727273,
        "d": 5,
        "l": 68.1818181818182
      },
      {
        "t": 18409.0909090909,
        "d": 7,
        "l": 0
      },
      {
        "t": 18545.4545454545,
        "d": 6,
        "l": 68.1818181818182
      },
      {
        "t": 18681.8181818182,
        "d": 7,
        "l": 0
      },
      {
        "t": 18818.1818181818,
        "d": 5,
        "l": 0
      },
      {
        "t": 18954.5454545455,
        "d": 6,
        "l": 204.545454545455
      },
      {
        "t": 19227.2727272727,
        "d": 4,
        "l": 0
      },
      {
        "t": 19363.6363636364,
        "d": 6,
        "l": 68.1818181818182
      },
      {
        "t": 19500,
        "d": 7,
        "l": 0
      },
      {
        "t": 19636.3636363636,
        "d": 5,
        "l": 0
      },
      {
        "t": 19772.7272727273,
        "d": 4,
        "l": 0
      },
      {
        "t": 19840.9090909091,
        "d": 7,
        "l": 0
      },
      {
        "t": 19909.0909090909,
        "d": 5,
        "l": 0
      },
      {
        "t": 20045.4545454545,
        "d": 5,
        "l": 0
      },
      {
        "t": 20181.8181818182,
        "d": 6,
        "l": 68.1818181818182
      },
      {
        "t": 20318.1818181818,
        "d": 5,
        "l": 0
      },
      {
        "t": 20454.5454545455,
        "d": 4,
        "l": 68.1818181818182
      },
      {
        "t": 20590.9090909091,
        "d": 5,
        "l": 0
      },
      {
        "t": 20727.2727272727,
        "d": 7,
        "l": 68.1818181818182
      },
      {
        "t": 20863.6363636364,
        "d": 4,
        "l": 68.1818181818182
      },
      {
        "t": 21000,
        "d": 6,
        "l": 0
      },
      {
        "t": 21136.3636363636,
        "d": 5,
        "l": 68.1818181818182
      },
      {
        "t": 21272.7272727273,
        "d": 6,
        "l": 0
      },
      {
        "t": 21409.0909090909,
        "d": 7,
        "l": 0
      },
      {
        "t": 21545.4545454545,
        "d": 5,
        "l": 0
      },
      {
        "t": 21681.8181818182,
        "d": 6,
        "l": 0
      },
      {
        "t": 21818.1818181818,
        "d": 7,
        "l": 477.272727272727
      },
      {
        "t": 21818.1818181818,
        "d": 0,
        "l": 0
      },
      {
        "t": 21954.5454545455,
        "d": 3,
        "l": 68.1818181818182
      },
      {
        "t": 22090.9090909091,
        "d": 0,
        "l": 0
      },
      {
        "t": 22227.2727272727,
        "d": 3,
        "l": 0
      },
      {
        "t": 22363.6363636364,
        "d": 2,
        "l": 68.1818181818182
      },
      {
        "t": 22500,
        "d": 0,
        "l": 0
      },
      {
        "t": 22636.3636363636,
        "d": 1,
        "l": 68.1818181818182
      },
      {
        "t": 22772.7272727273,
        "d": 3,
        "l": 0
      },
      {
        "t": 22909.0909090909,
        "d": 2,
        "l": 68.1818181818182
      },
      {
        "t": 23045.4545454545,
        "d": 3,
        "l": 0
      },
      {
        "t": 23181.8181818182,
        "d": 4,
        "l": 0
      },
      {
        "t": 23181.8181818182,
        "d": 1,
        "l": 0
      },
      {
        "t": 23318.1818181818,
        "d": 2,
        "l": 204.545454545455
      },
      {
        "t": 23454.5454545455,
        "d": 5,
        "l": 68.1818181818182
      },
      {
        "t": 23590.9090909091,
        "d": 0,
        "l": 0
      },
      {
        "t": 23590.9090909091,
        "d": 7,
        "l": 0
      },
      {
        "t": 23727.2727272727,
        "d": 5,
        "l": 0
      },
      {
        "t": 23727.2727272727,
        "d": 2,
        "l": 68.1818181818182
      },
      {
        "t": 23863.6363636364,
        "d": 4,
        "l": 204.545454545455
      },
      {
        "t": 23863.6363636364,
        "d": 3,
        "l": 0
      },
      {
        "t": 24000,
        "d": 1,
        "l": 0
      },
      {
        "t": 24136.3636363636,
        "d": 7,
        "l": 0
      },
      {
        "t": 24136.3636363636,
        "d": 0,
        "l": 0
      },
      {
        "t": 24204.5454545455,
        "d": 3,
        "l": 0
      },
      {
        "t": 24272.7272727273,
        "d": 4,
        "l": 0
      },
      {
        "t": 24272.7272727273,
        "d": 1,
        "l": 0
      },
      {
        "t": 24409.0909090909,
        "d": 6,
        "l": 0
      },
      {
        "t": 24409.0909090909,
        "d": 1,
        "l": 0
      },
      {
        "t": 24545.4545454545,
        "d": 5,
        "l": 68.1818181818182
      },
      {
        "t": 24545.4545454545,
        "d": 2,
        "l": 68.1818181818182
      },
      {
        "t": 24681.8181818182,
        "d": 7,
        "l": 0
      },
      {
        "t": 24681.8181818182,
        "d": 1,
        "l": 0
      },
      {
        "t": 24818.1818181818,
        "d": 0,
        "l": 68.1818181818182
      },
      {
        "t": 24818.1818181818,
        "d": 6,
        "l": 68.1818181818182
      },
      {
        "t": 24954.5454545455,
        "d": 4,
        "l": 0
      },
      {
        "t": 24954.5454545455,
        "d": 1,
        "l": 0
      },
      {
        "t": 25090.9090909091,
        "d": 3,
        "l": 68.1818181818182
      },
      {
        "t": 25090.9090909091,
        "d": 5,
        "l": 68.1818181818182
      },
      {
        "t": 25227.2727272727,
        "d": 7,
        "l": 0
      },
      {
        "t": 25227.2727272727,
        "d": 0,
        "l": 68.1818181818182
      },
      {
        "t": 25363.6363636364,
        "d": 5,
        "l": 68.1818181818182
      },
      {
        "t": 25363.6363636364,
        "d": 2,
        "l": 0
      },
      {
        "t": 25500,
        "d": 1,
        "l": 68.1818181818182
      },
      {
        "t": 25500,
        "d": 7,
        "l": 0
      },
      {
        "t": 25636.3636363636,
        "d": 6,
        "l": 68.1818181818182
      },
      {
        "t": 25636.3636363636,
        "d": 2,
        "l": 0
      },
      {
        "t": 25772.7272727273,
        "d": 3,
        "l": 0
      },
      {
        "t": 25772.7272727273,
        "d": 4,
        "l": 0
      },
      {
        "t": 25909.0909090909,
        "d": 6,
        "l": 68.1818181818182
      },
      {
        "t": 25909.0909090909,
        "d": 1,
        "l": 0
      },
      {
        "t": 26045.4545454545,
        "d": 7,
        "l": 0
      },
      {
        "t": 26045.4545454545,
        "d": 2,
        "l": 0
      },
      {
        "t": 26181.8181818182,
        "d": 0,
        "l": 477.272727272727
      },
      {
        "t": 26181.8181818182,
        "d": 4,
        "l": 0
      },
      {
        "t": 26318.1818181818,
        "d": 6,
        "l": 0
      },
      {
        "t": 26386.3636363636,
        "d": 7,
        "l": 0
      },
      {
        "t": 26454.5454545455,
        "d": 4,
        "l": 0
      },
      {
        "t": 26590.9090909091,
        "d": 7,
        "l": 0
      },
      {
        "t": 26727.2727272727,
        "d": 6,
        "l": 68.1818181818182
      },
      {
        "t": 26863.6363636364,
        "d": 4,
        "l": 0
      },
      {
        "t": 27000,
        "d": 5,
        "l": 68.1818181818182
      },
      {
        "t": 27136.3636363636,
        "d": 7,
        "l": 0
      },
      {
        "t": 27272.7272727273,
        "d": 6,
        "l": 68.1818181818182
      },
      {
        "t": 27409.0909090909,
        "d": 4,
        "l": 0
      },
      {
        "t": 27477.2727272727,
        "d": 7,
        "l": 0
      },
      {
        "t": 27545.4545454545,
        "d": 5,
        "l": 0
      },
      {
        "t": 27681.8181818182,
        "d": 6,
        "l": 68.1818181818182
      },
      {
        "t": 27818.1818181818,
        "d": 4,
        "l": 0
      },
      {
        "t": 27886.3636363636,
        "d": 7,
        "l": 0
      },
      {
        "t": 27954.5454545455,
        "d": 5,
        "l": 0
      },
      {
        "t": 28090.9090909091,
        "d": 4,
        "l": 204.545454545455
      },
      {
        "t": 28363.6363636364,
        "d": 7,
        "l": 0
      },
      {
        "t": 28500.1818181818,
        "d": 6,
        "l": 0
      },
      {
        "t": 28568.3636363636,
        "d": 7,
        "l": 0
      },
      {
        "t": 28636.5454545455,
        "d": 4,
        "l": 0
      },
      {
        "t": 28772.9090909091,
        "d": 7,
        "l": 0
      },
      {
        "t": 28909.0909090909,
        "d": 5,
        "l": 68.1818181818182
      },
      {
        "t": 29045.6363636364,
        "d": 4,
        "l": 0
      },
      {
        "t": 29181.8181818182,
        "d": 6,
        "l": 68.1818181818182
      },
      {
        "t": 29318.3636363636,
        "d": 7,
        "l": 0
      },
      {
        "t": 29454.5454545455,
        "d": 4,
        "l": 68.1818181818182
      },
      {
        "t": 29590.9090909091,
        "d": 7,
        "l": 0
      },
      {
        "t": 29727.2727272727,
        "d": 5,
        "l": 0
      },
      {
        "t": 29863.6363636364,
        "d": 6,
        "l": 0
      },
      {
        "t": 29931.8181818182,
        "d": 6,
        "l": 0
      },
      {
        "t": 30000,
        "d": 4,
        "l": 68.1818181818182
      },
      {
        "t": 30136.3636363636,
        "d": 7,
        "l": 0
      },
      {
        "t": 30272.7272727273,
        "d": 6,
        "l": 68.1818181818182
      },
      {
        "t": 30409.0909090909,
        "d": 7,
        "l": 68.1818181818182
      },
      {
        "t": 30545.4545454545,
        "d": 5,
        "l": 0
      },
      {
        "t": 30545.4545454545,
        "d": 0,
        "l": 0
      },
      {
        "t": 30681.8181818182,
        "d": 2,
        "l": 0
      },
      {
        "t": 30750,
        "d": 3,
        "l": 0
      },
      {
        "t": 30818.1818181818,
        "d": 5,
        "l": 0
      },
      {
        "t": 30818.1818181818,
        "d": 0,
        "l": 0
      },
      {
        "t": 30954.5454545455,
        "d": 3,
        "l": 0
      },
      {
        "t": 31090.9090909091,
        "d": 2,
        "l": 68.1818181818182
      },
      {
        "t": 31227.2727272727,
        "d": 0,
        "l": 0
      },
      {
        "t": 31363.6363636364,
        "d": 1,
        "l": 68.1818181818182
      },
      {
        "t": 31500,
        "d": 3,
        "l": 0
      },
      {
        "t": 31636.3636363636,
        "d": 2,
        "l": 68.1818181818182
      },
      {
        "t": 31772.7272727273,
        "d": 0,
        "l": 0
      },
      {
        "t": 31840.9090909091,
        "d": 3,
        "l": 0
      },
      {
        "t": 31909.0909090909,
        "d": 1,
        "l": 0
      },
      {
        "t": 32045.4545454545,
        "d": 2,
        "l": 68.1818181818182
      },
      {
        "t": 32181.8181818182,
        "d": 0,
        "l": 0
      },
      {
        "t": 32250,
        "d": 3,
        "l": 0
      },
      {
        "t": 32318.1818181818,
        "d": 1,
        "l": 0
      },
      {
        "t": 32454.5454545454,
        "d": 0,
        "l": 204.545454545455
      },
      {
        "t": 32727.2727272727,
        "d": 3,
        "l": 0
      },
      {
        "t": 32863.8181818182,
        "d": 2,
        "l": 0
      },
      {
        "t": 32932,
        "d": 3,
        "l": 0
      },
      {
        "t": 33000.1818181818,
        "d": 0,
        "l": 0
      },
      {
        "t": 33136.5454545455,
        "d": 3,
        "l": 0
      },
      {
        "t": 33272.7272727273,
        "d": 1,
        "l": 68.1818181818182
      },
      {
        "t": 33409.2727272727,
        "d": 0,
        "l": 0
      },
      {
        "t": 33545.4545454545,
        "d": 2,
        "l": 68.1818181818182
      },
      {
        "t": 33682,
        "d": 3,
        "l": 0
      },
      {
        "t": 33818.1818181818,
        "d": 0,
        "l": 68.1818181818182
      },
      {
        "t": 33954.5454545455,
        "d": 3,
        "l": 0
      },
      {
        "t": 34090.9090909091,
        "d": 1,
        "l": 0
      },
      {
        "t": 34227.2727272727,
        "d": 2,
        "l": 0
      },
      {
        "t": 34295.4545454545,
        "d": 2,
        "l": 0
      },
      {
        "t": 34363.6363636364,
        "d": 0,
        "l": 68.1818181818182
      },
      {
        "t": 34500,
        "d": 3,
        "l": 0
      },
      {
        "t": 34636.3636363636,
        "d": 2,
        "l": 68.1818181818182
      },
      {
        "t": 34772.7272727273,
        "d": 3,
        "l": 68.1818181818182
      },
      {
        "t": 34909.0909090909,
        "d": 1,
        "l": 0
      },
      {
        "t": 34909.0909090909,
        "d": 7,
        "l": 0
      },
      {
        "t": 35045.4545454545,
        "d": 4,
        "l": 0
      },
      {
        "t": 35113.6363636364,
        "d": 5,
        "l": 0
      },
      {
        "t": 35181.8181818182,
        "d": 1,
        "l": 0
      },
      {
        "t": 35181.8181818182,
        "d": 7,
        "l": 0
      },
      {
        "t": 35318.1818181818,
        "d": 4,
        "l": 0
      },
      {
        "t": 35454.5454545454,
        "d": 6,
        "l": 68.1818181818182
      },
      {
        "t": 35590.9090909091,
        "d": 7,
        "l": 0
      },
      {
        "t": 35727.2727272727,
        "d": 5,
        "l": 68.1818181818182
      },
      {
        "t": 35863.6363636364,
        "d": 4,
        "l": 0
      },
      {
        "t": 36000,
        "d": 6,
        "l": 0
      },
      {
        "t": 36000,
        "d": 7,
        "l": 0
      },
      {
        "t": 36136.3636363636,
        "d": 6,
        "l": 0
      },
      {
        "t": 36136.3636363636,
        "d": 5,
        "l": 0
      },
      {
        "t": 36272.7272727273,
        "d": 4,
        "l": 0
      },
      {
        "t": 36272.7272727273,
        "d": 5,
        "l": 0
      },
      {
        "t": 36409.0909090909,
        "d": 6,
        "l": 0
      },
      {
        "t": 36409.0909090909,
        "d": 7,
        "l": 0
      },
      {
        "t": 36545.4545454545,
        "d": 5,
        "l": 0
      },
      {
        "t": 36545.4545454545,
        "d": 6,
        "l": 0
      },
      {
        "t": 36681.8181818182,
        "d": 4,
        "l": 0
      },
      {
        "t": 36681.8181818182,
        "d": 5,
        "l": 0
      },
      {
        "t": 36818.1818181818,
        "d": 7,
        "l": 0
      },
      {
        "t": 36818.1818181818,
        "d": 4,
        "l": 0
      },
      {
        "t": 36818.1818181818,
        "d": 1,
        "l": 204.545454545455
      },
      {
        "t": 36954.5454545454,
        "d": 5,
        "l": 0
      },
      {
        "t": 36954.5454545454,
        "d": 6,
        "l": 0
      },
      {
        "t": 37090.9090909091,
        "d": 6,
        "l": 0
      },
      {
        "t": 37090.9090909091,
        "d": 0,
        "l": 0
      },
      {
        "t": 37227.2727272727,
        "d": 7,
        "l": 0
      },
      {
        "t": 37295.4545454545,
        "d": 4,
        "l": 0
      },
      {
        "t": 37363.6363636364,
        "d": 5,
        "l": 0
      },
      {
        "t": 37363.6363636364,
        "d": 0,
        "l": 0
      },
      {
        "t": 37431.8181818182,
        "d": 7,
        "l": 0
      },
      {
        "t": 37500,
        "d": 6,
        "l": 0
      },
      {
        "t": 37568.1818181818,
        "d": 4,
        "l": 0
      },
      {
        "t": 37636.3636363636,
        "d": 6,
        "l": 68.1818181818182
      },
      {
        "t": 37772.7272727273,
        "d": 7,
        "l": 0
      },
      {
        "t": 37909.0909090909,
        "d": 5,
        "l": 0
      },
      {
        "t": 38045.4545454545,
        "d": 4,
        "l": 68.1818181818182
      },
      {
        "t": 38181.8181818182,
        "d": 6,
        "l": 68.1818181818182
      },
      {
        "t": 38318.1818181818,
        "d": 7,
        "l": 0
      },
      {
        "t": 38454.5454545454,
        "d": 5,
        "l": 0
      },
      {
        "t": 38590.9090909091,
        "d": 4,
        "l": 0
      },
      {
        "t": 38727.2727272727,
        "d": 7,
        "l": 0
      },
      {
        "t": 38727.2727272727,
        "d": 6,
        "l": 0
      },
      {
        "t": 38727.2727272727,
        "d": 3,
        "l": 68.1818181818182
      },
      {
        "t": 38863.6363636364,
        "d": 4,
        "l": 0
      },
      {
        "t": 38863.6363636364,
        "d": 5,
        "l": 0
      },
      {
        "t": 38863.6363636364,
        "d": 1,
        "l": 0
      },
      {
        "t": 39000,
        "d": 5,
        "l": 0
      },
      {
        "t": 39000,
        "d": 7,
        "l": 0
      },
      {
        "t": 39000,
        "d": 2,
        "l": 204.545454545455
      },
      {
        "t": 39136.3636363636,
        "d": 6,
        "l": 0
      },
      {
        "t": 39136.3636363636,
        "d": 4,
        "l": 0
      },
      {
        "t": 39272.7272727273,
        "d": 7,
        "l": 477.272727272727
      },
      {
        "t": 39272.7272727273,
        "d": 3,
        "l": 0
      },
      {
        "t": 39409.0909090909,
        "d": 0,
        "l": 0
      },
      {
        "t": 39477.2727272727,
        "d": 1,
        "l": 0
      },
      {
        "t": 39545.4545454545,
        "d": 5,
        "l": 204.545454545455
      },
      {
        "t": 39545.4545454545,
        "d": 3,
        "l": 0
      },
      {
        "t": 39681.8181818182,
        "d": 0,
        "l": 0
      },
      {
        "t": 39818.1818181818,
        "d": 2,
        "l": 68.1818181818182
      },
      {
        "t": 39954.5454545454,
        "d": 3,
        "l": 0
      },
      {
        "t": 40090.9090909091,
        "d": 1,
        "l": 68.1818181818182
      },
      {
        "t": 40227.2727272727,
        "d": 0,
        "l": 0
      },
      {
        "t": 40363.6363636364,
        "d": 2,
        "l": 0
      },
      {
        "t": 40363.6363636364,
        "d": 3,
        "l": 0
      },
      {
        "t": 40500,
        "d": 2,
        "l": 0
      },
      {
        "t": 40500,
        "d": 1,
        "l": 0
      },
      {
        "t": 40636.3636363636,
        "d": 0,
        "l": 0
      },
      {
        "t": 40636.3636363636,
        "d": 1,
        "l": 0
      },
      {
        "t": 40772.7272727273,
        "d": 2,
        "l": 0
      },
      {
        "t": 40772.7272727273,
        "d": 3,
        "l": 0
      },
      {
        "t": 40909.0909090909,
        "d": 1,
        "l": 0
      },
      {
        "t": 40909.0909090909,
        "d": 2,
        "l": 0
      },
      {
        "t": 41045.4545454545,
        "d": 0,
        "l": 0
      },
      {
        "t": 41045.4545454545,
        "d": 1,
        "l": 0
      },
      {
        "t": 41181.8181818182,
        "d": 5,
        "l": 204.545454545455
      },
      {
        "t": 41181.8181818182,
        "d": 3,
        "l": 0
      },
      {
        "t": 41181.8181818182,
        "d": 0,
        "l": 0
      },
      {
        "t": 41318.1818181818,
        "d": 1,
        "l": 0
      },
      {
        "t": 41318.1818181818,
        "d": 2,
        "l": 0
      },
      {
        "t": 41454.5454545454,
        "d": 4,
        "l": 0
      },
      {
        "t": 41454.5454545454,
        "d": 2,
        "l": 0
      },
      {
        "t": 41590.9090909091,
        "d": 3,
        "l": 0
      },
      {
        "t": 41659.0909090909,
        "d": 0,
        "l": 0
      },
      {
        "t": 41727.2727272727,
        "d": 4,
        "l": 0
      },
      {
        "t": 41727.2727272727,
        "d": 1,
        "l": 0
      },
      {
        "t": 41795.4545454545,
        "d": 3,
        "l": 0
      },
      {
        "t": 41863.6363636364,
        "d": 2,
        "l": 0
      },
      {
        "t": 41931.8181818182,
        "d": 0,
        "l": 0
      },
      {
        "t": 42000,
        "d": 2,
        "l": 68.1818181818182
      },
      {
        "t": 42136.3636363636,
        "d": 3,
        "l": 0
      },
      {
        "t": 42272.7272727273,
        "d": 1,
        "l": 0
      },
      {
        "t": 42409.0909090909,
        "d": 0,
        "l": 68.1818181818182
      },
      {
        "t": 42545.4545454545,
        "d": 2,
        "l": 68.1818181818182
      },
      {
        "t": 42681.8181818182,
        "d": 3,
        "l": 0
      },
      {
        "t": 42818.1818181818,
        "d": 1,
        "l": 0
      },
      {
        "t": 42954.5454545454,
        "d": 0,
        "l": 0
      },
      {
        "t": 43090.9090909091,
        "d": 3,
        "l": 0
      },
      {
        "t": 43090.9090909091,
        "d": 2,
        "l": 0
      },
      {
        "t": 43090.9090909091,
        "d": 7,
        "l": 68.1818181818182
      },
      {
        "t": 43227.2727272727,
        "d": 5,
        "l": 0
      },
      {
        "t": 43227.2727272727,
        "d": 0,
        "l": 0
      },
      {
        "t": 43227.2727272727,
        "d": 1,
        "l": 0
      },
      {
        "t": 43363.6363636364,
        "d": 1,
        "l": 0
      },
      {
        "t": 43363.6363636364,
        "d": 3,
        "l": 0
      },
      {
        "t": 43363.6363636364,
        "d": 6,
        "l": 204.545454545455
      },
      {
        "t": 43500,
        "d": 2,
        "l": 0
      },
      {
        "t": 43500,
        "d": 0,
        "l": 0
      },
      {
        "t": 43636.3636363636,
        "d": 4,
        "l": 0
      },
      {
        "t": 43636.3636363636,
        "d": 7,
        "l": 204.545454545455
      },
      {
        "t": 43636.3636363636,
        "d": 1,
        "l": 477.272727272727
      },
      {
        "t": 43909.0909090909,
        "d": 5,
        "l": 0
      },
      {
        "t": 44045.4545454545,
        "d": 4,
        "l": 0
      },
      {
        "t": 44113.6363636364,
        "d": 5,
        "l": 0
      },
      {
        "t": 44181.8181818182,
        "d": 7,
        "l": 204.545454545455
      },
      {
        "t": 44454.5454545454,
        "d": 6,
        "l": 204.545454545455
      },
      {
        "t": 44727.2727272727,
        "d": 5,
        "l": 204.545454545455
      },
      {
        "t": 45000,
        "d": 4,
        "l": 0
      },
      {
        "t": 45136.3636363636,
        "d": 5,
        "l": 0
      },
      {
        "t": 45272.7272727273,
        "d": 7,
        "l": 68.1818181818182
      },
      {
        "t": 45409.0909090909,
        "d": 4,
        "l": 0
      },
      {
        "t": 45545.4545454545,
        "d": 6,
        "l": 0
      },
      {
        "t": 45681.8181818182,
        "d": 5,
        "l": 0
      },
      {
        "t": 45818.1818181818,
        "d": 7,
        "l": 68.1818181818182
      },
      {
        "t": 45954.5454545454,
        "d": 4,
        "l": 0
      },
      {
        "t": 46090.9090909091,
        "d": 6,
        "l": 0
      },
      {
        "t": 46227.2727272727,
        "d": 4,
        "l": 0
      },
      {
        "t": 46295.4545454545,
        "d": 7,
        "l": 0
      },
      {
        "t": 46363.6363636364,
        "d": 5,
        "l": 68.1818181818182
      },
      {
        "t": 46500,
        "d": 6,
        "l": 0
      },
      {
        "t": 46636.3636363636,
        "d": 4,
        "l": 68.1818181818182
      },
      {
        "t": 46772.7272727273,
        "d": 7,
        "l": 0
      },
      {
        "t": 46909.0909090909,
        "d": 6,
        "l": 68.1818181818182
      },
      {
        "t": 47045.4545454545,
        "d": 7,
        "l": 0
      },
      {
        "t": 47181.8181818182,
        "d": 4,
        "l": 68.1818181818182
      },
      {
        "t": 47318.1818181818,
        "d": 7,
        "l": 0
      },
      {
        "t": 47454.5454545454,
        "d": 6,
        "l": 0
      },
      {
        "t": 47454.5454545454,
        "d": 4,
        "l": 0
      },
      {
        "t": 47590.9090909091,
        "d": 5,
        "l": 0
      },
      {
        "t": 47590.9090909091,
        "d": 7,
        "l": 0
      },
      {
        "t": 47727.2727272727,
        "d": 4,
        "l": 0
      },
      {
        "t": 47727.2727272727,
        "d": 7,
        "l": 0
      },
      {
        "t": 47863.6363636364,
        "d": 5,
        "l": 0
      },
      {
        "t": 47931.8181818182,
        "d": 7,
        "l": 0
      },
      {
        "t": 48000,
        "d": 6,
        "l": 204.545454545455
      },
      {
        "t": 48000,
        "d": 5,
        "l": 0
      },
      {
        "t": 48000,
        "d": 0,
        "l": 0
      },
      {
        "t": 48000,
        "d": 3,
        "l": 204.545454545455
      },
      {
        "t": 48272.7272727273,
        "d": 1,
        "l": 0
      },
      {
        "t": 48409.0909090909,
        "d": 0,
        "l": 0
      },
      {
        "t": 48477.2727272727,
        "d": 1,
        "l": 0
      },
      {
        "t": 48545.4545454545,
        "d": 3,
        "l": 204.545454545455
      },
      {
        "t": 48818.1818181818,
        "d": 2,
        "l": 204.545454545455
      },
      {
        "t": 49090.9090909091,
        "d": 1,
        "l": 204.545454545455
      },
      {
        "t": 49363.6363636364,
        "d": 0,
        "l": 0
      },
      {
        "t": 49500,
        "d": 1,
        "l": 0
      },
      {
        "t": 49636.3636363636,
        "d": 3,
        "l": 68.1818181818182
      },
      {
        "t": 49772.7272727273,
        "d": 0,
        "l": 0
      },
      {
        "t": 49909.0909090909,
        "d": 2,
        "l": 0
      },
      {
        "t": 50045.4545454545,
        "d": 1,
        "l": 0
      },
      {
        "t": 50181.8181818182,
        "d": 3,
        "l": 68.1818181818182
      },
      {
        "t": 50318.1818181818,
        "d": 0,
        "l": 0
      },
      {
        "t": 50454.5454545454,
        "d": 2,
        "l": 0
      },
      {
        "t": 50590.9090909091,
        "d": 0,
        "l": 0
      },
      {
        "t": 50659.0909090909,
        "d": 3,
        "l": 0
      },
      {
        "t": 50727.2727272727,
        "d": 1,
        "l": 68.1818181818182
      },
      {
        "t": 50863.6363636364,
        "d": 2,
        "l": 0
      },
      {
        "t": 51000,
        "d": 0,
        "l": 68.1818181818182
      },
      {
        "t": 51136.3636363636,
        "d": 3,
        "l": 0
      },
      {
        "t": 51272.7272727273,
        "d": 2,
        "l": 68.1818181818182
      },
      {
        "t": 51409.0909090909,
        "d": 3,
        "l": 0
      },
      {
        "t": 51545.4545454545,
        "d": 0,
        "l": 68.1818181818182
      },
      {
        "t": 51681.8181818182,
        "d": 3,
        "l": 0
      },
      {
        "t": 51818.1818181818,
        "d": 2,
        "l": 0
      },
      {
        "t": 51818.1818181818,
        "d": 0,
        "l": 0
      },
      {
        "t": 51954.5454545454,
        "d": 1,
        "l": 0
      },
      {
        "t": 51954.5454545454,
        "d": 3,
        "l": 0
      },
      {
        "t": 52090.9090909091,
        "d": 3,
        "l": 0
      },
      {
        "t": 52090.9090909091,
        "d": 0,
        "l": 0
      },
      {
        "t": 52227.2727272727,
        "d": 1,
        "l": 0
      },
      {
        "t": 52295.4545454545,
        "d": 3,
        "l": 0
      },
      {
        "t": 52363.6363636364,
        "d": 2,
        "l": 204.545454545455
      },
      {
        "t": 52363.6363636364,
        "d": 1,
        "l": 0
      }
    ]
  },
  "generatedBy": "Friday Night Funkin' - v0.4.1"
}