﻿<?xml version="1.0" encoding="utf-8"?>
<TextureAtlas imagePath="padudu.png">
	<!-- Created with Adobe Animate version 19.0.0.326 -->
	<!-- http://www.adobe.com/products/animate.html -->
	<SubTexture name="padudu down0000" x="0" y="0" width="582" height="436" frameX="0" frameY="-6" frameWidth="582" frameHeight="444"/>
	<SubTexture name="padudu down0001" x="0" y="0" width="582" height="436" frameX="0" frameY="-6" frameWidth="582" frameHeight="444"/>
	<SubTexture name="padudu down0002" x="0" y="436" width="571" height="444" frameX="-11" frameY="0" frameWidth="582" frameHeight="444"/>
	<SubTexture name="padudu down0003" x="0" y="436" width="571" height="444" frameX="-11" frameY="0" frameWidth="582" frameHeight="444"/>
	<SubTexture name="padudu down0004" x="0" y="436" width="571" height="444" frameX="-11" frameY="0" frameWidth="582" frameHeight="444"/>
	<SubTexture name="padudu down0005" x="0" y="436" width="571" height="444" frameX="-11" frameY="0" frameWidth="582" frameHeight="444"/>
	<SubTexture name="padudu down0006" x="0" y="436" width="571" height="444" frameX="-11" frameY="0" frameWidth="582" frameHeight="444"/>
	<SubTexture name="padudu down0007" x="0" y="436" width="571" height="444" frameX="-11" frameY="0" frameWidth="582" frameHeight="444"/>
	<SubTexture name="padudu down0008" x="0" y="436" width="571" height="444" frameX="-11" frameY="0" frameWidth="582" frameHeight="444"/>
	<SubTexture name="padudu down0009" x="0" y="436" width="571" height="444" frameX="-11" frameY="0" frameWidth="582" frameHeight="444"/>
	<SubTexture name="padudu down0010" x="0" y="436" width="571" height="444" frameX="-11" frameY="0" frameWidth="582" frameHeight="444"/>
	<SubTexture name="padudu down0011" x="0" y="436" width="571" height="444" frameX="-11" frameY="0" frameWidth="582" frameHeight="444"/>
	<SubTexture name="padudu down0012" x="0" y="436" width="571" height="444" frameX="-11" frameY="0" frameWidth="582" frameHeight="444"/>
	<SubTexture name="padudu down0013" x="0" y="436" width="571" height="444" frameX="-11" frameY="0" frameWidth="582" frameHeight="444"/>
	<SubTexture name="padudu idle0000" x="0" y="880" width="500" height="505" frameX="0" frameY="-7" frameWidth="500" frameHeight="512"/>
	<SubTexture name="padudu idle0001" x="0" y="880" width="500" height="505" frameX="0" frameY="-7" frameWidth="500" frameHeight="512"/>
	<SubTexture name="padudu idle0002" x="500" y="880" width="499" height="506" frameX="-1" frameY="-6" frameWidth="500" frameHeight="512"/>
	<SubTexture name="padudu idle0003" x="500" y="880" width="499" height="506" frameX="-1" frameY="-6" frameWidth="500" frameHeight="512"/>
	<SubTexture name="padudu idle0004" x="0" y="1386" width="491" height="511" frameX="-8" frameY="-1" frameWidth="500" frameHeight="512"/>
	<SubTexture name="padudu idle0005" x="0" y="1386" width="491" height="511" frameX="-8" frameY="-1" frameWidth="500" frameHeight="512"/>
	<SubTexture name="padudu idle0006" x="491" y="1386" width="489" height="512" frameX="-10" frameY="0" frameWidth="500" frameHeight="512"/>
	<SubTexture name="padudu idle0007" x="491" y="1386" width="489" height="512" frameX="-10" frameY="0" frameWidth="500" frameHeight="512"/>
	<SubTexture name="padudu idle0008" x="491" y="1386" width="489" height="512" frameX="-10" frameY="0" frameWidth="500" frameHeight="512"/>
	<SubTexture name="padudu idle0009" x="491" y="1386" width="489" height="512" frameX="-10" frameY="0" frameWidth="500" frameHeight="512"/>
	<SubTexture name="padudu idle0010" x="491" y="1386" width="489" height="512" frameX="-10" frameY="0" frameWidth="500" frameHeight="512"/>
	<SubTexture name="padudu idle0011" x="491" y="1386" width="489" height="512" frameX="-10" frameY="0" frameWidth="500" frameHeight="512"/>
	<SubTexture name="padudu idle0012" x="491" y="1386" width="489" height="512" frameX="-10" frameY="0" frameWidth="500" frameHeight="512"/>
	<SubTexture name="padudu idle0013" x="491" y="1386" width="489" height="512" frameX="-10" frameY="0" frameWidth="500" frameHeight="512"/>
	<SubTexture name="padudu left0000" x="0" y="1898" width="515" height="507" frameX="0" frameY="-4" frameWidth="515" frameHeight="511"/>
	<SubTexture name="padudu left0001" x="0" y="1898" width="515" height="507" frameX="0" frameY="-4" frameWidth="515" frameHeight="511"/>
	<SubTexture name="padudu left0002" x="0" y="2405" width="512" height="511" frameX="-2" frameY="0" frameWidth="515" frameHeight="511"/>
	<SubTexture name="padudu left0003" x="0" y="2405" width="512" height="511" frameX="-2" frameY="0" frameWidth="515" frameHeight="511"/>
	<SubTexture name="padudu left0004" x="0" y="2405" width="512" height="511" frameX="-2" frameY="0" frameWidth="515" frameHeight="511"/>
	<SubTexture name="padudu left0005" x="0" y="2405" width="512" height="511" frameX="-2" frameY="0" frameWidth="515" frameHeight="511"/>
	<SubTexture name="padudu left0006" x="0" y="2405" width="512" height="511" frameX="-2" frameY="0" frameWidth="515" frameHeight="511"/>
	<SubTexture name="padudu left0007" x="0" y="2405" width="512" height="511" frameX="-2" frameY="0" frameWidth="515" frameHeight="511"/>
	<SubTexture name="padudu left0008" x="0" y="2405" width="512" height="511" frameX="-2" frameY="0" frameWidth="515" frameHeight="511"/>
	<SubTexture name="padudu left0009" x="0" y="2405" width="512" height="511" frameX="-2" frameY="0" frameWidth="515" frameHeight="511"/>
	<SubTexture name="padudu left0010" x="0" y="2405" width="512" height="511" frameX="-2" frameY="0" frameWidth="515" frameHeight="511"/>
	<SubTexture name="padudu left0011" x="0" y="2405" width="512" height="511" frameX="-2" frameY="0" frameWidth="515" frameHeight="511"/>
	<SubTexture name="padudu left0012" x="0" y="2405" width="512" height="511" frameX="-2" frameY="0" frameWidth="515" frameHeight="511"/>
	<SubTexture name="padudu left0013" x="0" y="2405" width="512" height="511" frameX="-2" frameY="0" frameWidth="515" frameHeight="511"/>
	<SubTexture name="padudu right0000" x="512" y="2405" width="478" height="507" frameX="-2" frameY="0" frameWidth="480" frameHeight="507"/>
	<SubTexture name="padudu right0001" x="512" y="2405" width="478" height="507" frameX="-2" frameY="0" frameWidth="480" frameHeight="507"/>
	<SubTexture name="padudu right0002" x="0" y="2916" width="480" height="504" frameX="0" frameY="-2" frameWidth="480" frameHeight="507"/>
	<SubTexture name="padudu right0003" x="0" y="2916" width="480" height="504" frameX="0" frameY="-2" frameWidth="480" frameHeight="507"/>
	<SubTexture name="padudu right0004" x="0" y="2916" width="480" height="504" frameX="0" frameY="-2" frameWidth="480" frameHeight="507"/>
	<SubTexture name="padudu right0005" x="0" y="2916" width="480" height="504" frameX="0" frameY="-2" frameWidth="480" frameHeight="507"/>
	<SubTexture name="padudu right0006" x="0" y="2916" width="480" height="504" frameX="0" frameY="-2" frameWidth="480" frameHeight="507"/>
	<SubTexture name="padudu right0007" x="0" y="2916" width="480" height="504" frameX="0" frameY="-2" frameWidth="480" frameHeight="507"/>
	<SubTexture name="padudu right0008" x="0" y="2916" width="480" height="504" frameX="0" frameY="-2" frameWidth="480" frameHeight="507"/>
	<SubTexture name="padudu right0009" x="0" y="2916" width="480" height="504" frameX="0" frameY="-2" frameWidth="480" frameHeight="507"/>
	<SubTexture name="padudu right0010" x="0" y="2916" width="480" height="504" frameX="0" frameY="-2" frameWidth="480" frameHeight="507"/>
	<SubTexture name="padudu right0011" x="0" y="2916" width="480" height="504" frameX="0" frameY="-2" frameWidth="480" frameHeight="507"/>
	<SubTexture name="padudu right0012" x="0" y="2916" width="480" height="504" frameX="0" frameY="-2" frameWidth="480" frameHeight="507"/>
	<SubTexture name="padudu right0013" x="0" y="2916" width="480" height="504" frameX="0" frameY="-2" frameWidth="480" frameHeight="507"/>
	<SubTexture name="padudu up0000" x="480" y="2916" width="455" height="564" frameX="-4" frameY="0" frameWidth="459" frameHeight="564"/>
	<SubTexture name="padudu up0001" x="480" y="2916" width="455" height="564" frameX="-4" frameY="0" frameWidth="459" frameHeight="564"/>
	<SubTexture name="padudu up0002" x="0" y="3480" width="459" height="555" frameX="0" frameY="-9" frameWidth="459" frameHeight="564"/>
	<SubTexture name="padudu up0003" x="0" y="3480" width="459" height="555" frameX="0" frameY="-9" frameWidth="459" frameHeight="564"/>
	<SubTexture name="padudu up0004" x="0" y="3480" width="459" height="555" frameX="0" frameY="-9" frameWidth="459" frameHeight="564"/>
	<SubTexture name="padudu up0005" x="0" y="3480" width="459" height="555" frameX="0" frameY="-9" frameWidth="459" frameHeight="564"/>
	<SubTexture name="padudu up0006" x="0" y="3480" width="459" height="555" frameX="0" frameY="-9" frameWidth="459" frameHeight="564"/>
	<SubTexture name="padudu up0007" x="0" y="3480" width="459" height="555" frameX="0" frameY="-9" frameWidth="459" frameHeight="564"/>
	<SubTexture name="padudu up0008" x="0" y="3480" width="459" height="555" frameX="0" frameY="-9" frameWidth="459" frameHeight="564"/>
	<SubTexture name="padudu up0009" x="0" y="3480" width="459" height="555" frameX="0" frameY="-9" frameWidth="459" frameHeight="564"/>
	<SubTexture name="padudu up0010" x="0" y="3480" width="459" height="555" frameX="0" frameY="-9" frameWidth="459" frameHeight="564"/>
	<SubTexture name="padudu up0011" x="0" y="3480" width="459" height="555" frameX="0" frameY="-9" frameWidth="459" frameHeight="564"/>
	<SubTexture name="padudu up0012" x="0" y="3480" width="459" height="555" frameX="0" frameY="-9" frameWidth="459" frameHeight="564"/>
	<SubTexture name="padudu up0013" x="0" y="3480" width="459" height="555" frameX="0" frameY="-9" frameWidth="459" frameHeight="564"/>
</TextureAtlas>
