﻿<?xml version="1.0" encoding="utf-8"?>
<TextureAtlas imagePath="takinoDialogue.png">
	<!-- Created with Adobe Animate version 19.0.0.326 -->
	<!-- http://www.adobe.com/products/animate.html -->
	<SubTexture name="tomo DudeIGetIt0000" x="0" y="0" width="378" height="506" frameX="0" frameY="0" frameWidth="386" frameHeight="506"/>
	<SubTexture name="tomo DudeIGetIt0001" x="0" y="0" width="378" height="506" frameX="0" frameY="0" frameWidth="386" frameHeight="506"/>
	<SubTexture name="tomo DudeIGetIt0002" x="0" y="0" width="378" height="506" frameX="0" frameY="0" frameWidth="386" frameHeight="506"/>
	<SubTexture name="tomo DudeIGetIt0003" x="378" y="0" width="376" height="506" frameX="-2" frameY="0" frameWidth="386" frameHeight="506"/>
	<SubTexture name="tomo DudeIGetIt0004" x="378" y="0" width="376" height="506" frameX="-2" frameY="0" frameWidth="386" frameHeight="506"/>
	<SubTexture name="tomo DudeIGetIt0005" x="378" y="0" width="376" height="506" frameX="-2" frameY="0" frameWidth="386" frameHeight="506"/>
	<SubTexture name="tomo DudeIGetIt0006" x="378" y="0" width="376" height="506" frameX="-2" frameY="0" frameWidth="386" frameHeight="506"/>
	<SubTexture name="tomo DudeIGetIt0007" x="378" y="0" width="376" height="506" frameX="-2" frameY="0" frameWidth="386" frameHeight="506"/>
	<SubTexture name="tomo DudeIGetIt0008" x="378" y="0" width="376" height="506" frameX="-2" frameY="0" frameWidth="386" frameHeight="506"/>
	<SubTexture name="tomo DudeIGetIt0009" x="378" y="0" width="376" height="506" frameX="-2" frameY="0" frameWidth="386" frameHeight="506"/>
	<SubTexture name="tomo DudeIGetIt0010" x="378" y="0" width="376" height="506" frameX="-2" frameY="0" frameWidth="386" frameHeight="506"/>
	<SubTexture name="tomo DudeIGetIt0011" x="378" y="0" width="376" height="506" frameX="-2" frameY="0" frameWidth="386" frameHeight="506"/>
	<SubTexture name="tomo DudeIGetIt0012" x="378" y="0" width="376" height="506" frameX="-2" frameY="0" frameWidth="386" frameHeight="506"/>
	<SubTexture name="tomo DudeIGetIt0013" x="378" y="0" width="376" height="506" frameX="-2" frameY="0" frameWidth="386" frameHeight="506"/>
	<SubTexture name="tomo DudeIGetIt0014" x="378" y="0" width="376" height="506" frameX="-2" frameY="0" frameWidth="386" frameHeight="506"/>
	<SubTexture name="tomo DudeIGetIt0015" x="754" y="0" width="352" height="497" frameX="-20" frameY="-8" frameWidth="386" frameHeight="506"/>
	<SubTexture name="tomo DudeIGetIt0016" x="754" y="0" width="352" height="497" frameX="-20" frameY="-8" frameWidth="386" frameHeight="506"/>
	<SubTexture name="tomo DudeIGetIt0017" x="1106" y="0" width="354" height="498" frameX="-18" frameY="-7" frameWidth="386" frameHeight="506"/>
	<SubTexture name="tomo DudeIGetIt0018" x="1106" y="0" width="354" height="498" frameX="-18" frameY="-7" frameWidth="386" frameHeight="506"/>
	<SubTexture name="tomo DudeIGetIt0019" x="1106" y="0" width="354" height="498" frameX="-18" frameY="-7" frameWidth="386" frameHeight="506"/>
	<SubTexture name="tomo DudeIGetIt0020" x="1106" y="0" width="354" height="498" frameX="-18" frameY="-7" frameWidth="386" frameHeight="506"/>
	<SubTexture name="tomo DudeIGetIt0021" x="1106" y="0" width="354" height="498" frameX="-18" frameY="-7" frameWidth="386" frameHeight="506"/>
	<SubTexture name="tomo DudeIGetIt0022" x="1106" y="0" width="354" height="498" frameX="-18" frameY="-7" frameWidth="386" frameHeight="506"/>
	<SubTexture name="tomo DudeIGetIt0023" x="1106" y="0" width="354" height="498" frameX="-18" frameY="-7" frameWidth="386" frameHeight="506"/>
	<SubTexture name="tomo DudeIGetIt0024" x="1106" y="0" width="354" height="498" frameX="-18" frameY="-7" frameWidth="386" frameHeight="506"/>
	<SubTexture name="tomo DudeIGetIt0025" x="1106" y="0" width="354" height="498" frameX="-18" frameY="-7" frameWidth="386" frameHeight="506"/>
	<SubTexture name="tomo DudeIGetIt0026" x="1106" y="0" width="354" height="498" frameX="-18" frameY="-7" frameWidth="386" frameHeight="506"/>
	<SubTexture name="tomo DudeIGetIt0027" x="1106" y="0" width="354" height="498" frameX="-18" frameY="-7" frameWidth="386" frameHeight="506"/>
	<SubTexture name="tomo DudeIGetIt0028" x="1106" y="0" width="354" height="498" frameX="-18" frameY="-7" frameWidth="386" frameHeight="506"/>
	<SubTexture name="tomo DudeIGetIt0029" x="1106" y="0" width="354" height="498" frameX="-18" frameY="-7" frameWidth="386" frameHeight="506"/>
	<SubTexture name="tomo DudeIGetIt0030" x="1106" y="0" width="354" height="498" frameX="-18" frameY="-7" frameWidth="386" frameHeight="506"/>
	<SubTexture name="tomo DudeIGetIt0031" x="1106" y="0" width="354" height="498" frameX="-18" frameY="-7" frameWidth="386" frameHeight="506"/>
	<SubTexture name="tomo DudeIGetIt0032" x="1106" y="0" width="354" height="498" frameX="-18" frameY="-7" frameWidth="386" frameHeight="506"/>
	<SubTexture name="tomo DudeIGetIt0033" x="1106" y="0" width="354" height="498" frameX="-18" frameY="-7" frameWidth="386" frameHeight="506"/>
	<SubTexture name="tomo DudeIGetIt0034" x="1106" y="0" width="354" height="498" frameX="-18" frameY="-7" frameWidth="386" frameHeight="506"/>
	<SubTexture name="tomo DudeIGetIt0035" x="1106" y="0" width="354" height="498" frameX="-18" frameY="-7" frameWidth="386" frameHeight="506"/>
	<SubTexture name="tomo DudeIGetIt0036" x="1106" y="0" width="354" height="498" frameX="-18" frameY="-7" frameWidth="386" frameHeight="506"/>
	<SubTexture name="tomo DudeIGetIt0037" x="1106" y="0" width="354" height="498" frameX="-18" frameY="-7" frameWidth="386" frameHeight="506"/>
	<SubTexture name="tomo DudeIGetIt0038" x="1106" y="0" width="354" height="498" frameX="-18" frameY="-7" frameWidth="386" frameHeight="506"/>
	<SubTexture name="tomo DudeIGetIt0039" x="1106" y="0" width="354" height="498" frameX="-18" frameY="-7" frameWidth="386" frameHeight="506"/>
	<SubTexture name="tomo DudeIGetIt0040" x="1106" y="0" width="354" height="498" frameX="-18" frameY="-7" frameWidth="386" frameHeight="506"/>
	<SubTexture name="tomo DudeIGetIt0041" x="1106" y="0" width="354" height="498" frameX="-18" frameY="-7" frameWidth="386" frameHeight="506"/>
	<SubTexture name="tomo DudeIGetIt0042" x="1106" y="0" width="354" height="498" frameX="-18" frameY="-7" frameWidth="386" frameHeight="506"/>
	<SubTexture name="tomo DudeIGetIt0043" x="1106" y="0" width="354" height="498" frameX="-18" frameY="-7" frameWidth="386" frameHeight="506"/>
	<SubTexture name="tomo DudeIGetIt0044" x="1106" y="0" width="354" height="498" frameX="-18" frameY="-7" frameWidth="386" frameHeight="506"/>
	<SubTexture name="tomo DudeIGetIt0045" x="1106" y="0" width="354" height="498" frameX="-18" frameY="-7" frameWidth="386" frameHeight="506"/>
	<SubTexture name="tomo DudeIGetIt0046" x="1106" y="0" width="354" height="498" frameX="-18" frameY="-7" frameWidth="386" frameHeight="506"/>
	<SubTexture name="tomo DudeIGetIt0047" x="1460" y="0" width="358" height="493" frameX="-16" frameY="-11" frameWidth="386" frameHeight="506"/>
	<SubTexture name="tomo DudeIGetIt0048" x="1460" y="0" width="358" height="493" frameX="-16" frameY="-11" frameWidth="386" frameHeight="506"/>
	<SubTexture name="tomo DudeIGetIt0049" x="0" y="506" width="358" height="490" frameX="-17" frameY="-14" frameWidth="386" frameHeight="506"/>
	<SubTexture name="tomo DudeIGetIt0050" x="0" y="506" width="358" height="490" frameX="-17" frameY="-14" frameWidth="386" frameHeight="506"/>
	<SubTexture name="tomo DudeIGetIt0051" x="0" y="506" width="358" height="490" frameX="-17" frameY="-14" frameWidth="386" frameHeight="506"/>
	<SubTexture name="tomo DudeIGetIt0052" x="0" y="506" width="358" height="490" frameX="-17" frameY="-14" frameWidth="386" frameHeight="506"/>
	<SubTexture name="tomo DudeIGetIt0053" x="0" y="506" width="358" height="490" frameX="-17" frameY="-14" frameWidth="386" frameHeight="506"/>
	<SubTexture name="tomo DudeIGetIt0054" x="358" y="506" width="358" height="491" frameX="-18" frameY="-13" frameWidth="386" frameHeight="506"/>
	<SubTexture name="tomo DudeIGetIt0055" x="358" y="506" width="358" height="491" frameX="-18" frameY="-13" frameWidth="386" frameHeight="506"/>
	<SubTexture name="tomo DudeIGetIt0056" x="358" y="506" width="358" height="491" frameX="-18" frameY="-13" frameWidth="386" frameHeight="506"/>
	<SubTexture name="tomo DudeIGetIt0057" x="358" y="506" width="358" height="491" frameX="-18" frameY="-13" frameWidth="386" frameHeight="506"/>
	<SubTexture name="tomo DudeIGetIt0058" x="358" y="506" width="358" height="491" frameX="-18" frameY="-13" frameWidth="386" frameHeight="506"/>
	<SubTexture name="tomo DudeIGetIt0059" x="358" y="506" width="358" height="491" frameX="-18" frameY="-13" frameWidth="386" frameHeight="506"/>
	<SubTexture name="tomo DudeIGetIt0060" x="358" y="506" width="358" height="491" frameX="-18" frameY="-13" frameWidth="386" frameHeight="506"/>
	<SubTexture name="tomo DudeIGetIt0061" x="358" y="506" width="358" height="491" frameX="-18" frameY="-13" frameWidth="386" frameHeight="506"/>
	<SubTexture name="tomo DudeIGetIt0062" x="358" y="506" width="358" height="491" frameX="-18" frameY="-13" frameWidth="386" frameHeight="506"/>
	<SubTexture name="tomo DudeIGetIt0063" x="358" y="506" width="358" height="491" frameX="-18" frameY="-13" frameWidth="386" frameHeight="506"/>
	<SubTexture name="tomo DudeIGetIt0064" x="358" y="506" width="358" height="491" frameX="-18" frameY="-13" frameWidth="386" frameHeight="506"/>
	<SubTexture name="tomo DudeIGetIt0065" x="358" y="506" width="358" height="491" frameX="-18" frameY="-13" frameWidth="386" frameHeight="506"/>
	<SubTexture name="tomo DudeIGetIt0066" x="358" y="506" width="358" height="491" frameX="-18" frameY="-13" frameWidth="386" frameHeight="506"/>
	<SubTexture name="tomo DudeIGetIt0067" x="358" y="506" width="358" height="491" frameX="-18" frameY="-13" frameWidth="386" frameHeight="506"/>
	<SubTexture name="tomo DudeIGetIt0068" x="358" y="506" width="358" height="491" frameX="-18" frameY="-13" frameWidth="386" frameHeight="506"/>
	<SubTexture name="tomo DudeIGetIt0069" x="358" y="506" width="358" height="491" frameX="-18" frameY="-13" frameWidth="386" frameHeight="506"/>
	<SubTexture name="tomo DudeIGetIt0070" x="358" y="506" width="358" height="491" frameX="-18" frameY="-13" frameWidth="386" frameHeight="506"/>
	<SubTexture name="tomo DudeIGetIt0071" x="358" y="506" width="358" height="491" frameX="-18" frameY="-13" frameWidth="386" frameHeight="506"/>
	<SubTexture name="tomo DudeIGetIt0072" x="358" y="506" width="358" height="491" frameX="-18" frameY="-13" frameWidth="386" frameHeight="506"/>
	<SubTexture name="tomo DudeIGetIt0073" x="358" y="506" width="358" height="491" frameX="-18" frameY="-13" frameWidth="386" frameHeight="506"/>
	<SubTexture name="tomo DudeIGetIt0074" x="358" y="506" width="358" height="491" frameX="-18" frameY="-13" frameWidth="386" frameHeight="506"/>
	<SubTexture name="tomo DudeIGetIt0075" x="358" y="506" width="358" height="491" frameX="-18" frameY="-13" frameWidth="386" frameHeight="506"/>
	<SubTexture name="tomo DudeIGetIt0076" x="358" y="506" width="358" height="491" frameX="-18" frameY="-13" frameWidth="386" frameHeight="506"/>
	<SubTexture name="tomo DudeIGetIt0077" x="358" y="506" width="358" height="491" frameX="-18" frameY="-13" frameWidth="386" frameHeight="506"/>
	<SubTexture name="tomo DudeIGetIt0078" x="358" y="506" width="358" height="491" frameX="-18" frameY="-13" frameWidth="386" frameHeight="506"/>
	<SubTexture name="tomo DudeIGetIt0079" x="358" y="506" width="358" height="491" frameX="-18" frameY="-13" frameWidth="386" frameHeight="506"/>
	<SubTexture name="tomo DudeIGetIt0080" x="358" y="506" width="358" height="491" frameX="-18" frameY="-13" frameWidth="386" frameHeight="506"/>
	<SubTexture name="tomo DudeIGetIt0081" x="358" y="506" width="358" height="491" frameX="-18" frameY="-13" frameWidth="386" frameHeight="506"/>
	<SubTexture name="tomo DudeIGetIt0082" x="358" y="506" width="358" height="491" frameX="-18" frameY="-13" frameWidth="386" frameHeight="506"/>
	<SubTexture name="tomo DudeIGetIt0083" x="358" y="506" width="358" height="491" frameX="-18" frameY="-13" frameWidth="386" frameHeight="506"/>
	<SubTexture name="tomo DudeIGetIt0084" x="358" y="506" width="358" height="491" frameX="-18" frameY="-13" frameWidth="386" frameHeight="506"/>
	<SubTexture name="tomo DudeIGetIt0085" x="358" y="506" width="358" height="491" frameX="-18" frameY="-13" frameWidth="386" frameHeight="506"/>
	<SubTexture name="tomo DudeIGetIt0086" x="358" y="506" width="358" height="491" frameX="-18" frameY="-13" frameWidth="386" frameHeight="506"/>
	<SubTexture name="tomo DudeIGetIt0087" x="358" y="506" width="358" height="491" frameX="-18" frameY="-13" frameWidth="386" frameHeight="506"/>
	<SubTexture name="tomo DudeIGetIt0088" x="358" y="506" width="358" height="491" frameX="-18" frameY="-13" frameWidth="386" frameHeight="506"/>
	<SubTexture name="tomo DudeIGetIt0089" x="358" y="506" width="358" height="491" frameX="-18" frameY="-13" frameWidth="386" frameHeight="506"/>
	<SubTexture name="tomo DudeIGetIt0090" x="358" y="506" width="358" height="491" frameX="-18" frameY="-13" frameWidth="386" frameHeight="506"/>
	<SubTexture name="tomo DudeIGetIt0091" x="716" y="506" width="356" height="498" frameX="-30" frameY="-7" frameWidth="386" frameHeight="506"/>
	<SubTexture name="tomo DudeIGetIt0092" x="716" y="506" width="356" height="498" frameX="-30" frameY="-7" frameWidth="386" frameHeight="506"/>
	<SubTexture name="tomo DudeIGetIt0093" x="716" y="506" width="356" height="498" frameX="-30" frameY="-7" frameWidth="386" frameHeight="506"/>
	<SubTexture name="tomo DudeIGetIt0094" x="716" y="506" width="356" height="498" frameX="-30" frameY="-7" frameWidth="386" frameHeight="506"/>
	<SubTexture name="tomo DudeIGetIt0095" x="1072" y="506" width="357" height="495" frameX="-28" frameY="-9" frameWidth="386" frameHeight="506"/>
	<SubTexture name="tomo DudeIGetIt0096" x="1072" y="506" width="357" height="495" frameX="-28" frameY="-9" frameWidth="386" frameHeight="506"/>
	<SubTexture name="tomo DudeIGetIt0097" x="716" y="506" width="356" height="498" frameX="-30" frameY="-7" frameWidth="386" frameHeight="506"/>
	<SubTexture name="tomo DudeIGetIt0098" x="716" y="506" width="356" height="498" frameX="-30" frameY="-7" frameWidth="386" frameHeight="506"/>
	<SubTexture name="tomo DudeIGetIt0099" x="1429" y="506" width="356" height="498" frameX="-30" frameY="-7" frameWidth="386" frameHeight="506"/>
	<SubTexture name="tomo DudeIGetIt0100" x="0" y="1004" width="357" height="495" frameX="-28" frameY="-9" frameWidth="386" frameHeight="506"/>
	<SubTexture name="tomo DudeIGetIt0101" x="0" y="1004" width="357" height="495" frameX="-28" frameY="-9" frameWidth="386" frameHeight="506"/>
	<SubTexture name="tomo DudeIGetIt0102" x="357" y="1004" width="356" height="498" frameX="-30" frameY="-7" frameWidth="386" frameHeight="506"/>
	<SubTexture name="tomo DudeIGetIt0103" x="357" y="1004" width="356" height="498" frameX="-30" frameY="-7" frameWidth="386" frameHeight="506"/>
	<SubTexture name="tomo DudeIGetIt0104" x="713" y="1004" width="356" height="498" frameX="-30" frameY="-7" frameWidth="386" frameHeight="506"/>
	<SubTexture name="tomo DudeIGetIt0105" x="713" y="1004" width="356" height="498" frameX="-30" frameY="-7" frameWidth="386" frameHeight="506"/>
	<SubTexture name="tomo DudeIGetIt0106" x="713" y="1004" width="356" height="498" frameX="-30" frameY="-7" frameWidth="386" frameHeight="506"/>
	<SubTexture name="tomo DudeIGetIt0107" x="1069" y="1004" width="357" height="495" frameX="-28" frameY="-9" frameWidth="386" frameHeight="506"/>
	<SubTexture name="tomo DudeIGetIt0108" x="1069" y="1004" width="357" height="495" frameX="-28" frameY="-9" frameWidth="386" frameHeight="506"/>
	<SubTexture name="tomo DudeIGetIt0109" x="1426" y="1004" width="357" height="495" frameX="-28" frameY="-9" frameWidth="386" frameHeight="506"/>
	<SubTexture name="tomo DudeIGetIt0110" x="1426" y="1004" width="357" height="495" frameX="-28" frameY="-9" frameWidth="386" frameHeight="506"/>
	<SubTexture name="tomo DudeIGetIt0111" x="1426" y="1004" width="357" height="495" frameX="-28" frameY="-9" frameWidth="386" frameHeight="506"/>
	<SubTexture name="tomo DudeIGetIt0112" x="0" y="1004" width="357" height="495" frameX="-28" frameY="-9" frameWidth="386" frameHeight="506"/>
	<SubTexture name="tomo DudeIGetIt0113" x="1072" y="506" width="357" height="495" frameX="-28" frameY="-9" frameWidth="386" frameHeight="506"/>
	<SubTexture name="tomo DudeIGetIt0114" x="1072" y="506" width="357" height="495" frameX="-28" frameY="-9" frameWidth="386" frameHeight="506"/>
	<SubTexture name="tomo DudeIGetIt0115" x="1072" y="506" width="357" height="495" frameX="-28" frameY="-9" frameWidth="386" frameHeight="506"/>
	<SubTexture name="tomo DudeIGetIt0116" x="1072" y="506" width="357" height="495" frameX="-28" frameY="-9" frameWidth="386" frameHeight="506"/>
	<SubTexture name="tomo DudeIGetIt0117" x="1072" y="506" width="357" height="495" frameX="-28" frameY="-9" frameWidth="386" frameHeight="506"/>
	<SubTexture name="tomo DudeIGetIt0118" x="1072" y="506" width="357" height="495" frameX="-28" frameY="-9" frameWidth="386" frameHeight="506"/>
	<SubTexture name="tomo DudeIGetIt0119" x="1072" y="506" width="357" height="495" frameX="-28" frameY="-9" frameWidth="386" frameHeight="506"/>
	<SubTexture name="tomo DudeIGetIt0120" x="0" y="506" width="358" height="490" frameX="-17" frameY="-14" frameWidth="386" frameHeight="506"/>
	<SubTexture name="tomo DudeIGetIt0121" x="0" y="506" width="358" height="490" frameX="-17" frameY="-14" frameWidth="386" frameHeight="506"/>
	<SubTexture name="tomo DudeIGetIt0122" x="1460" y="0" width="358" height="493" frameX="-16" frameY="-11" frameWidth="386" frameHeight="506"/>
	<SubTexture name="tomo DudeIGetIt0123" x="1460" y="0" width="358" height="493" frameX="-16" frameY="-11" frameWidth="386" frameHeight="506"/>
</TextureAtlas>
