﻿<?xml version="1.0" encoding="utf-8"?>
<TextureAtlas imagePath="bgYomi.png">
	<!-- Created with Adobe Animate version 19.0.0.326 -->
	<!-- http://www.adobe.com/products/animate.html -->
	<SubTexture name="yomi bop0000" x="0" y="0" width="389" height="714" frameX="-5" frameY="-2" frameWidth="394" frameHeight="716"/>
	<SubTexture name="yomi bop0001" x="0" y="0" width="389" height="714" frameX="-5" frameY="-2" frameWidth="394" frameHeight="716"/>
	<SubTexture name="yomi bop0002" x="389" y="0" width="387" height="714" frameX="-6" frameY="0" frameWidth="394" frameHeight="716"/>
	<SubTexture name="yomi bop0003" x="389" y="0" width="387" height="714" frameX="-6" frameY="0" frameWidth="394" frameHeight="716"/>
	<SubTexture name="yomi bop0004" x="0" y="714" width="389" height="713" frameX="-1" frameY="0" frameWidth="394" frameHeight="716"/>
	<SubTexture name="yomi bop0005" x="0" y="714" width="389" height="713" frameX="-1" frameY="0" frameWidth="394" frameHeight="716"/>
	<SubTexture name="yomi bop0006" x="389" y="714" width="390" height="713" frameX="0" frameY="0" frameWidth="394" frameHeight="716"/>
	<SubTexture name="yomi bop0007" x="389" y="714" width="390" height="713" frameX="0" frameY="0" frameWidth="394" frameHeight="716"/>
	<SubTexture name="yomi bop0008" x="389" y="714" width="390" height="713" frameX="0" frameY="0" frameWidth="394" frameHeight="716"/>
</TextureAtlas>
