{
  "version": "2.0.0",
  "scrollSpeed": {
    "normal": 2.8
  },
  "events": [
    {
      "t": 0,
      "e": "FocusCamera",
      "v": {
	"char": 1
}
    },
    {
      "t": 3000,
      "e": "FocusCamera",
      "v": {
	"char": 0
}
    },
    {
      "t": 6000,
      "e": "FocusCamera",
      "v": {
	"char": 1
}
    },
    {
      "t": 9000,
      "e": "FocusCamera",
      "v": {
	"char": 0
}
    },
    {
      "t": 12000,
      "e": "FocusCamera",
      "v": {
	"char": 1
}
    },
    {
      "t": 18000,
      "e": "FocusCamera",
      "v": {
	"char": 0
}
    },
    {
      "t": 24000,
      "e": "FocusCamera",
      "v": {
	"char": 1
}
    },
    {
      "t": 30000,
      "e": "FocusCamera",
      "v": {
	"char": 0
}
    },
    {
      "t": 36000,
      "e": "FocusCamera",
      "v": {
	"char": 1
}
    },
    {
      "t": 39000,
      "e": "FocusCamera",
      "v": {
	"char": 0
}
    },
    {
      "t": 42000,
      "e": "FocusCamera",
      "v": {
	"char": 1
}
    },
    {
      "t": 45000,
      "e": "FocusCamera",
      "v": {
	"char": 0
}
    },
    {
      "t": 48000,
      "e": "FocusCamera",
      "v": {
	"char": 1
}
    },
    {
      "t": 54000,
      "e": "FocusCamera",
      "v": {
	"char": 0
}
    },
    {
      "t": 60000,
      "e": "FocusCamera",
      "v": {
	"char": 1
}
    },
    {
      "t": 60750,
      "e": "FocusCamera",
      "v": {
	"char": 0
}
    },
    {
      "t": 63750,
      "e": "FocusCamera",
      "v": {
	"char": 1
}
    },
    {
      "t": 69000,
      "e": "FocusCamera",
      "v": {
	"char": 0
}
    },
    {
      "t": 72000,
      "e": "FocusCamera",
      "v": {
	"char": 1
}
    },
    {
      "t": 78000,
      "e": "FocusCamera",
      "v": {
	"char": 0
}
    },
    {
      "t": 84000,
      "e": "FocusCamera",
      "v": {
	"char": 1
}
    },
    {
      "t": 90000,
      "e": "FocusCamera",
      "v": {
	"char": 0
}
    },
    {
      "t": 96000,
      "e": "FocusCamera",
      "v": {
	"x": -20,
	"duration": 32,
	"y": 0,
	"char": 2,
	"ease": "cubeOut"
}
    },
    {
      "t": 96093.75,
      "e": "ZoomCamera",
      "v": {
	"duration": 32,
	"ease": "cubeOut",
	"zoom": 0.9,
	"mode": "stage"
}
    },
    {
      "t": 103500,
      "e": "FocusCamera",
      "v": {
	"x": -140,
	"duration": 48,
	"y": 0,
	"char": 2,
	"ease": "cubeInOut"
}
    },
    {
      "t": 103593.75,
      "e": "ZoomCamera",
      "v": {
	"duration": 36,
	"ease": "cubeInOut",
	"zoom": 0.9,
	"mode": "stage"
}
    },
    {
      "t": 107625,
      "e": "FocusCamera",
      "v": {
	"char": 1
}
    },
    {
      "t": 107718.75,
      "e": "ZoomCamera",
      "v": {
	"ease": "cubeOut",
	"duration": 16,
	"zoom": 1,
	"mode": "stage"
}
    },
    {
      "t": 108000,
      "e": "PlayAnimation",
      "v": {
	"target": "dad",
	"force": true,
	"anim": "hey"
}
    },
    {
      "t": 108281.25,
      "e": "FocusCamera",
      "v": {
	"char": 0
}
    },
    {
      "t": 108375,
      "e": "PlayAnimation",
      "v": {
	"target": "boyfriend",
	"anim": "hey",
	"force": false
}
    }
  ],
  "notes": {
    "easy": [    ],
    "normal": [
      {
        "t": 0,
        "d": 4,
        "l": 0
      },
      {
        "t": 93.75,
        "d": 5,
        "l": 0
      },
      {
        "t": 187.5,
        "d": 7,
        "l": 93.75
      },
      {
        "t": 375,
        "d": 6,
        "l": 0
      },
      {
        "t": 468.75,
        "d": 4,
        "l": 0
      },
      {
        "t": 562.5,
        "d": 7,
        "l": 0
      },
      {
        "t": 656.25,
        "d": 5,
        "l": 0
      },
      {
        "t": 750,
        "d": 4,
        "l": 93.75
      },
      {
        "t": 937.5,
        "d": 7,
        "l": 0
      },
      {
        "t": 1125,
        "d": 6,
        "l": 93.75
      },
      {
        "t": 1312.5,
        "d": 4,
        "l": 0
      },
      {
        "t": 1312.5,
        "d": 5,
        "l": 0
      },
      {
        "t": 1500,
        "d": 6,
        "l": 0
      },
      {
        "t": 1593.75,
        "d": 4,
        "l": 0
      },
      {
        "t": 1687.5,
        "d": 7,
        "l": 0
      },
      {
        "t": 1781.25,
        "d": 5,
        "l": 0
      },
      {
        "t": 1875,
        "d": 7,
        "l": 0
      },
      {
        "t": 1968.75,
        "d": 6,
        "l": 0
      },
      {
        "t": 2062.5,
        "d": 4,
        "l": 0
      },
      {
        "t": 2156.25,
        "d": 5,
        "l": 0
      },
      {
        "t": 2250,
        "d": 7,
        "l": 0
      },
      {
        "t": 2343.75,
        "d": 4,
        "l": 0
      },
      {
        "t": 2437.5,
        "d": 7,
        "l": 0
      },
      {
        "t": 2531.25,
        "d": 6,
        "l": 0
      },
      {
        "t": 2625,
        "d": 7,
        "l": 0
      },
      {
        "t": 2718.75,
        "d": 4,
        "l": 0
      },
      {
        "t": 2812.5,
        "d": 5,
        "l": 93.75
      },
      {
        "t": 3000,
        "d": 6,
        "l": 281.25
      },
      {
        "t": 3000,
        "d": 0,
        "l": 0
      },
      {
        "t": 3093.75,
        "d": 1,
        "l": 0
      },
      {
        "t": 3187.5,
        "d": 3,
        "l": 93.75
      },
      {
        "t": 3375,
        "d": 2,
        "l": 0
      },
      {
        "t": 3468.75,
        "d": 0,
        "l": 0
      },
      {
        "t": 3562.5,
        "d": 3,
        "l": 0
      },
      {
        "t": 3656.25,
        "d": 1,
        "l": 0
      },
      {
        "t": 3750,
        "d": 0,
        "l": 93.75
      },
      {
        "t": 3937.5,
        "d": 3,
        "l": 0
      },
      {
        "t": 4125,
        "d": 2,
        "l": 93.75
      },
      {
        "t": 4312.5,
        "d": 0,
        "l": 0
      },
      {
        "t": 4312.5,
        "d": 1,
        "l": 0
      },
      {
        "t": 4500,
        "d": 2,
        "l": 0
      },
      {
        "t": 4593.75,
        "d": 0,
        "l": 0
      },
      {
        "t": 4687.5,
        "d": 3,
        "l": 0
      },
      {
        "t": 4781.25,
        "d": 1,
        "l": 0
      },
      {
        "t": 4875,
        "d": 3,
        "l": 0
      },
      {
        "t": 4968.75,
        "d": 2,
        "l": 0
      },
      {
        "t": 5062.5,
        "d": 0,
        "l": 0
      },
      {
        "t": 5156.25,
        "d": 1,
        "l": 0
      },
      {
        "t": 5250,
        "d": 3,
        "l": 0
      },
      {
        "t": 5343.75,
        "d": 0,
        "l": 0
      },
      {
        "t": 5437.5,
        "d": 3,
        "l": 0
      },
      {
        "t": 5531.25,
        "d": 2,
        "l": 0
      },
      {
        "t": 5625,
        "d": 3,
        "l": 0
      },
      {
        "t": 5718.75,
        "d": 0,
        "l": 0
      },
      {
        "t": 5812.5,
        "d": 1,
        "l": 93.75
      },
      {
        "t": 6000,
        "d": 2,
        "l": 281.25
      },
      {
        "t": 6000,
        "d": 4,
        "l": 0
      },
      {
        "t": 6093.75,
        "d": 7,
        "l": 0
      },
      {
        "t": 6187.5,
        "d": 6,
        "l": 0
      },
      {
        "t": 6281.25,
        "d": 5,
        "l": 0
      },
      {
        "t": 6375,
        "d": 7,
        "l": 93.75
      },
      {
        "t": 6562.5,
        "d": 4,
        "l": 0
      },
      {
        "t": 6656.25,
        "d": 7,
        "l": 0
      },
      {
        "t": 6750,
        "d": 6,
        "l": 0
      },
      {
        "t": 6843.75,
        "d": 5,
        "l": 0
      },
      {
        "t": 6937.5,
        "d": 7,
        "l": 0
      },
      {
        "t": 7031.25,
        "d": 4,
        "l": 0
      },
      {
        "t": 7125,
        "d": 6,
        "l": 0
      },
      {
        "t": 7218.75,
        "d": 5,
        "l": 0
      },
      {
        "t": 7312.5,
        "d": 6,
        "l": 0
      },
      {
        "t": 7312.5,
        "d": 7,
        "l": 93.75
      },
      {
        "t": 7500,
        "d": 5,
        "l": 93.75
      },
      {
        "t": 7500,
        "d": 4,
        "l": 0
      },
      {
        "t": 7687.5,
        "d": 7,
        "l": 0
      },
      {
        "t": 7875,
        "d": 4,
        "l": 93.75
      },
      {
        "t": 8062.5,
        "d": 6,
        "l": 0
      },
      {
        "t": 8156.25,
        "d": 6,
        "l": 0
      },
      {
        "t": 8250,
        "d": 7,
        "l": 0
      },
      {
        "t": 8437.5,
        "d": 5,
        "l": 0
      },
      {
        "t": 8531.25,
        "d": 7,
        "l": 0
      },
      {
        "t": 8625,
        "d": 4,
        "l": 0
      },
      {
        "t": 8812.5,
        "d": 6,
        "l": 93.75
      },
      {
        "t": 9000,
        "d": 0,
        "l": 0
      },
      {
        "t": 9093.75,
        "d": 3,
        "l": 0
      },
      {
        "t": 9187.5,
        "d": 2,
        "l": 0
      },
      {
        "t": 9281.25,
        "d": 1,
        "l": 0
      },
      {
        "t": 9375,
        "d": 3,
        "l": 93.75
      },
      {
        "t": 9562.5,
        "d": 0,
        "l": 0
      },
      {
        "t": 9656.25,
        "d": 3,
        "l": 0
      },
      {
        "t": 9750,
        "d": 2,
        "l": 0
      },
      {
        "t": 9843.75,
        "d": 1,
        "l": 0
      },
      {
        "t": 9937.5,
        "d": 3,
        "l": 0
      },
      {
        "t": 10031.25,
        "d": 0,
        "l": 0
      },
      {
        "t": 10125,
        "d": 2,
        "l": 0
      },
      {
        "t": 10218.75,
        "d": 1,
        "l": 0
      },
      {
        "t": 10312.5,
        "d": 2,
        "l": 0
      },
      {
        "t": 10312.5,
        "d": 3,
        "l": 93.75
      },
      {
        "t": 10500,
        "d": 1,
        "l": 93.75
      },
      {
        "t": 10500,
        "d": 0,
        "l": 0
      },
      {
        "t": 10687.5,
        "d": 3,
        "l": 0
      },
      {
        "t": 10875,
        "d": 0,
        "l": 93.75
      },
      {
        "t": 11062.5,
        "d": 2,
        "l": 0
      },
      {
        "t": 11156.25,
        "d": 2,
        "l": 0
      },
      {
        "t": 11250,
        "d": 3,
        "l": 0
      },
      {
        "t": 11437.5,
        "d": 1,
        "l": 0
      },
      {
        "t": 11531.25,
        "d": 3,
        "l": 0
      },
      {
        "t": 11625,
        "d": 0,
        "l": 0
      },
      {
        "t": 11812.5,
        "d": 1,
        "l": 93.75
      },
      {
        "t": 12000,
        "d": 2,
        "l": 281.25
      },
      {
        "t": 12000,
        "d": 6,
        "l": 0
      },
      {
        "t": 12187.5,
        "d": 4,
        "l": 0
      },
      {
        "t": 12281.25,
        "d": 5,
        "l": 0
      },
      {
        "t": 12468.75,
        "d": 7,
        "l": 0
      },
      {
        "t": 12562.5,
        "d": 6,
        "l": 93.75
      },
      {
        "t": 12750,
        "d": 4,
        "l": 0
      },
      {
        "t": 12843.75,
        "d": 7,
        "l": 0
      },
      {
        "t": 12937.5,
        "d": 5,
        "l": 0
      },
      {
        "t": 13031.25,
        "d": 4,
        "l": 0
      },
      {
        "t": 13125,
        "d": 6,
        "l": 0
      },
      {
        "t": 13218.75,
        "d": 7,
        "l": 0
      },
      {
        "t": 13312.5,
        "d": 6,
        "l": 93.75
      },
      {
        "t": 13500,
        "d": 4,
        "l": 0
      },
      {
        "t": 13687.5,
        "d": 5,
        "l": 0
      },
      {
        "t": 13781.25,
        "d": 7,
        "l": 0
      },
      {
        "t": 13968.75,
        "d": 4,
        "l": 0
      },
      {
        "t": 14062.5,
        "d": 6,
        "l": 93.75
      },
      {
        "t": 14250,
        "d": 5,
        "l": 93.75
      },
      {
        "t": 14437.5,
        "d": 7,
        "l": 0
      },
      {
        "t": 14531.25,
        "d": 4,
        "l": 0
      },
      {
        "t": 14625,
        "d": 6,
        "l": 0
      },
      {
        "t": 14812.5,
        "d": 7,
        "l": 0
      },
      {
        "t": 14906.25,
        "d": 4,
        "l": 0
      },
      {
        "t": 15000,
        "d": 5,
        "l": 0
      },
      {
        "t": 15093.75,
        "d": 5,
        "l": 0
      },
      {
        "t": 15187.5,
        "d": 6,
        "l": 93.75
      },
      {
        "t": 15375,
        "d": 4,
        "l": 0
      },
      {
        "t": 15562.5,
        "d": 7,
        "l": 0
      },
      {
        "t": 15656.25,
        "d": 5,
        "l": 0
      },
      {
        "t": 15750,
        "d": 6,
        "l": 0
      },
      {
        "t": 15937.5,
        "d": 4,
        "l": 0
      },
      {
        "t": 15937.5,
        "d": 6,
        "l": 93.75
      },
      {
        "t": 16125,
        "d": 7,
        "l": 0
      },
      {
        "t": 16312.5,
        "d": 4,
        "l": 0
      },
      {
        "t": 16406.25,
        "d": 7,
        "l": 0
      },
      {
        "t": 16500,
        "d": 5,
        "l": 0
      },
      {
        "t": 16593.75,
        "d": 5,
        "l": 0
      },
      {
        "t": 16687.5,
        "d": 6,
        "l": 93.75
      },
      {
        "t": 16875,
        "d": 4,
        "l": 0
      },
      {
        "t": 17062.5,
        "d": 5,
        "l": 0
      },
      {
        "t": 17156.25,
        "d": 7,
        "l": 0
      },
      {
        "t": 17250,
        "d": 6,
        "l": 0
      },
      {
        "t": 17250,
        "d": 5,
        "l": 0
      },
      {
        "t": 17437.5,
        "d": 4,
        "l": 0
      },
      {
        "t": 17531.25,
        "d": 6,
        "l": 0
      },
      {
        "t": 17625,
        "d": 7,
        "l": 93.75
      },
      {
        "t": 17812.5,
        "d": 5,
        "l": 93.75
      },
      {
        "t": 18000,
        "d": 6,
        "l": 468.75
      },
      {
        "t": 18000,
        "d": 2,
        "l": 0
      },
      {
        "t": 18187.5,
        "d": 0,
        "l": 0
      },
      {
        "t": 18281.25,
        "d": 1,
        "l": 0
      },
      {
        "t": 18468.75,
        "d": 3,
        "l": 0
      },
      {
        "t": 18562.5,
        "d": 2,
        "l": 93.75
      },
      {
        "t": 18750,
        "d": 0,
        "l": 0
      },
      {
        "t": 18843.75,
        "d": 3,
        "l": 0
      },
      {
        "t": 18937.5,
        "d": 1,
        "l": 0
      },
      {
        "t": 19031.25,
        "d": 0,
        "l": 0
      },
      {
        "t": 19125,
        "d": 2,
        "l": 0
      },
      {
        "t": 19218.75,
        "d": 3,
        "l": 0
      },
      {
        "t": 19312.5,
        "d": 2,
        "l": 93.75
      },
      {
        "t": 19500,
        "d": 0,
        "l": 0
      },
      {
        "t": 19687.5,
        "d": 1,
        "l": 0
      },
      {
        "t": 19781.25,
        "d": 3,
        "l": 0
      },
      {
        "t": 19968.75,
        "d": 0,
        "l": 0
      },
      {
        "t": 20062.5,
        "d": 2,
        "l": 93.75
      },
      {
        "t": 20250,
        "d": 1,
        "l": 93.75
      },
      {
        "t": 20437.5,
        "d": 3,
        "l": 0
      },
      {
        "t": 20531.25,
        "d": 0,
        "l": 0
      },
      {
        "t": 20625,
        "d": 2,
        "l": 0
      },
      {
        "t": 20812.5,
        "d": 3,
        "l": 0
      },
      {
        "t": 20906.25,
        "d": 0,
        "l": 0
      },
      {
        "t": 21000,
        "d": 1,
        "l": 0
      },
      {
        "t": 21093.75,
        "d": 1,
        "l": 0
      },
      {
        "t": 21187.5,
        "d": 2,
        "l": 93.75
      },
      {
        "t": 21375,
        "d": 0,
        "l": 0
      },
      {
        "t": 21562.5,
        "d": 3,
        "l": 0
      },
      {
        "t": 21656.25,
        "d": 1,
        "l": 0
      },
      {
        "t": 21750,
        "d": 2,
        "l": 0
      },
      {
        "t": 21937.5,
        "d": 0,
        "l": 0
      },
      {
        "t": 21937.5,
        "d": 2,
        "l": 93.75
      },
      {
        "t": 22125,
        "d": 3,
        "l": 0
      },
      {
        "t": 22312.5,
        "d": 0,
        "l": 0
      },
      {
        "t": 22406.25,
        "d": 3,
        "l": 0
      },
      {
        "t": 22500,
        "d": 1,
        "l": 0
      },
      {
        "t": 22593.75,
        "d": 1,
        "l": 0
      },
      {
        "t": 22687.5,
        "d": 2,
        "l": 93.75
      },
      {
        "t": 22875,
        "d": 0,
        "l": 0
      },
      {
        "t": 23062.5,
        "d": 1,
        "l": 0
      },
      {
        "t": 23156.25,
        "d": 3,
        "l": 0
      },
      {
        "t": 23250,
        "d": 2,
        "l": 0
      },
      {
        "t": 23250,
        "d": 1,
        "l": 0
      },
      {
        "t": 23437.5,
        "d": 0,
        "l": 0
      },
      {
        "t": 23531.25,
        "d": 2,
        "l": 0
      },
      {
        "t": 23625,
        "d": 3,
        "l": 93.75
      },
      {
        "t": 23812.5,
        "d": 1,
        "l": 93.75
      },
      {
        "t": 24000,
        "d": 2,
        "l": 468.75
      },
      {
        "t": 24000,
        "d": 6,
        "l": 281.25
      },
      {
        "t": 24000,
        "d": 5,
        "l": 0
      },
      {
        "t": 24375,
        "d": 4,
        "l": 281.25
      },
      {
        "t": 24750,
        "d": 7,
        "l": 0
      },
      {
        "t": 24843.75,
        "d": 5,
        "l": 0
      },
      {
        "t": 24937.5,
        "d": 4,
        "l": 0
      },
      {
        "t": 25031.25,
        "d": 6,
        "l": 0
      },
      {
        "t": 25125,
        "d": 7,
        "l": 93.75
      },
      {
        "t": 25312.5,
        "d": 5,
        "l": 93.75
      },
      {
        "t": 25500,
        "d": 7,
        "l": 0
      },
      {
        "t": 25500,
        "d": 6,
        "l": 281.25
      },
      {
        "t": 25875,
        "d": 7,
        "l": 281.25
      },
      {
        "t": 26250,
        "d": 4,
        "l": 0
      },
      {
        "t": 26343.75,
        "d": 5,
        "l": 0
      },
      {
        "t": 26437.5,
        "d": 7,
        "l": 0
      },
      {
        "t": 26531.25,
        "d": 6,
        "l": 0
      },
      {
        "t": 26625,
        "d": 7,
        "l": 0
      },
      {
        "t": 26812.5,
        "d": 4,
        "l": 0
      },
      {
        "t": 27000,
        "d": 4,
        "l": 0
      },
      {
        "t": 27000,
        "d": 6,
        "l": 281.25
      },
      {
        "t": 27375,
        "d": 7,
        "l": 0
      },
      {
        "t": 27562.5,
        "d": 5,
        "l": 0
      },
      {
        "t": 27750,
        "d": 7,
        "l": 0
      },
      {
        "t": 27843.75,
        "d": 4,
        "l": 0
      },
      {
        "t": 27937.5,
        "d": 6,
        "l": 0
      },
      {
        "t": 28031.25,
        "d": 7,
        "l": 0
      },
      {
        "t": 28125,
        "d": 4,
        "l": 93.75
      },
      {
        "t": 28312.5,
        "d": 7,
        "l": 0
      },
      {
        "t": 28500,
        "d": 5,
        "l": 0
      },
      {
        "t": 28500,
        "d": 7,
        "l": 281.25
      },
      {
        "t": 28875,
        "d": 6,
        "l": 281.25
      },
      {
        "t": 29250,
        "d": 4,
        "l": 0
      },
      {
        "t": 29343.75,
        "d": 6,
        "l": 0
      },
      {
        "t": 29437.5,
        "d": 7,
        "l": 0
      },
      {
        "t": 29531.25,
        "d": 4,
        "l": 0
      },
      {
        "t": 29625,
        "d": 5,
        "l": 93.75
      },
      {
        "t": 29812.5,
        "d": 7,
        "l": 93.75
      },
      {
        "t": 30000,
        "d": 1,
        "l": 0
      },
      {
        "t": 30000,
        "d": 2,
        "l": 281.25
      },
      {
        "t": 30375,
        "d": 0,
        "l": 281.25
      },
      {
        "t": 30750,
        "d": 3,
        "l": 0
      },
      {
        "t": 30843.75,
        "d": 1,
        "l": 0
      },
      {
        "t": 30937.5,
        "d": 0,
        "l": 0
      },
      {
        "t": 31031.25,
        "d": 2,
        "l": 0
      },
      {
        "t": 31125,
        "d": 3,
        "l": 93.75
      },
      {
        "t": 31312.5,
        "d": 1,
        "l": 93.75
      },
      {
        "t": 31500,
        "d": 3,
        "l": 0
      },
      {
        "t": 31500,
        "d": 2,
        "l": 281.25
      },
      {
        "t": 31875,
        "d": 3,
        "l": 281.25
      },
      {
        "t": 32250,
        "d": 0,
        "l": 0
      },
      {
        "t": 32343.75,
        "d": 1,
        "l": 0
      },
      {
        "t": 32437.5,
        "d": 3,
        "l": 0
      },
      {
        "t": 32531.25,
        "d": 2,
        "l": 0
      },
      {
        "t": 32625,
        "d": 3,
        "l": 0
      },
      {
        "t": 32812.5,
        "d": 0,
        "l": 0
      },
      {
        "t": 33000,
        "d": 0,
        "l": 0
      },
      {
        "t": 33000,
        "d": 2,
        "l": 281.25
      },
      {
        "t": 33375,
        "d": 3,
        "l": 0
      },
      {
        "t": 33562.5,
        "d": 1,
        "l": 0
      },
      {
        "t": 33750,
        "d": 3,
        "l": 0
      },
      {
        "t": 33843.75,
        "d": 0,
        "l": 0
      },
      {
        "t": 33937.5,
        "d": 2,
        "l": 0
      },
      {
        "t": 34031.25,
        "d": 3,
        "l": 0
      },
      {
        "t": 34125,
        "d": 0,
        "l": 93.75
      },
      {
        "t": 34312.5,
        "d": 3,
        "l": 0
      },
      {
        "t": 34500,
        "d": 1,
        "l": 0
      },
      {
        "t": 34500,
        "d": 3,
        "l": 281.25
      },
      {
        "t": 34875,
        "d": 2,
        "l": 281.25
      },
      {
        "t": 35250,
        "d": 0,
        "l": 0
      },
      {
        "t": 35343.75,
        "d": 2,
        "l": 0
      },
      {
        "t": 35437.5,
        "d": 3,
        "l": 0
      },
      {
        "t": 35531.25,
        "d": 0,
        "l": 0
      },
      {
        "t": 35625,
        "d": 1,
        "l": 93.75
      },
      {
        "t": 35812.5,
        "d": 3,
        "l": 93.75
      },
      {
        "t": 36000,
        "d": 4,
        "l": 0
      },
      {
        "t": 36093.75,
        "d": 5,
        "l": 0
      },
      {
        "t": 36187.5,
        "d": 7,
        "l": 93.75
      },
      {
        "t": 36375,
        "d": 6,
        "l": 0
      },
      {
        "t": 36468.75,
        "d": 4,
        "l": 0
      },
      {
        "t": 36562.5,
        "d": 7,
        "l": 0
      },
      {
        "t": 36656.25,
        "d": 5,
        "l": 0
      },
      {
        "t": 36750,
        "d": 4,
        "l": 93.75
      },
      {
        "t": 36937.5,
        "d": 7,
        "l": 0
      },
      {
        "t": 37125,
        "d": 6,
        "l": 93.75
      },
      {
        "t": 37312.5,
        "d": 4,
        "l": 0
      },
      {
        "t": 37312.5,
        "d": 5,
        "l": 0
      },
      {
        "t": 37500,
        "d": 6,
        "l": 0
      },
      {
        "t": 37593.75,
        "d": 4,
        "l": 0
      },
      {
        "t": 37687.5,
        "d": 7,
        "l": 0
      },
      {
        "t": 37781.25,
        "d": 5,
        "l": 0
      },
      {
        "t": 37875,
        "d": 7,
        "l": 0
      },
      {
        "t": 37968.75,
        "d": 6,
        "l": 0
      },
      {
        "t": 38062.5,
        "d": 4,
        "l": 0
      },
      {
        "t": 38156.25,
        "d": 5,
        "l": 0
      },
      {
        "t": 38250,
        "d": 7,
        "l": 0
      },
      {
        "t": 38343.75,
        "d": 4,
        "l": 0
      },
      {
        "t": 38437.5,
        "d": 7,
        "l": 0
      },
      {
        "t": 38531.25,
        "d": 6,
        "l": 0
      },
      {
        "t": 38625,
        "d": 7,
        "l": 0
      },
      {
        "t": 38718.75,
        "d": 4,
        "l": 0
      },
      {
        "t": 38812.5,
        "d": 5,
        "l": 93.75
      },
      {
        "t": 39000,
        "d": 6,
        "l": 281.25
      },
      {
        "t": 39000,
        "d": 0,
        "l": 0
      },
      {
        "t": 39093.75,
        "d": 1,
        "l": 0
      },
      {
        "t": 39187.5,
        "d": 3,
        "l": 93.75
      },
      {
        "t": 39375,
        "d": 2,
        "l": 0
      },
      {
        "t": 39468.75,
        "d": 0,
        "l": 0
      },
      {
        "t": 39562.5,
        "d": 3,
        "l": 0
      },
      {
        "t": 39656.25,
        "d": 1,
        "l": 0
      },
      {
        "t": 39750,
        "d": 0,
        "l": 93.75
      },
      {
        "t": 39937.5,
        "d": 3,
        "l": 0
      },
      {
        "t": 40125,
        "d": 2,
        "l": 93.75
      },
      {
        "t": 40312.5,
        "d": 0,
        "l": 0
      },
      {
        "t": 40312.5,
        "d": 1,
        "l": 0
      },
      {
        "t": 40500,
        "d": 2,
        "l": 0
      },
      {
        "t": 40593.75,
        "d": 0,
        "l": 0
      },
      {
        "t": 40687.5,
        "d": 3,
        "l": 0
      },
      {
        "t": 40781.25,
        "d": 1,
        "l": 0
      },
      {
        "t": 40875,
        "d": 3,
        "l": 0
      },
      {
        "t": 40968.75,
        "d": 2,
        "l": 0
      },
      {
        "t": 41062.5,
        "d": 0,
        "l": 0
      },
      {
        "t": 41156.25,
        "d": 1,
        "l": 0
      },
      {
        "t": 41250,
        "d": 3,
        "l": 0
      },
      {
        "t": 41343.75,
        "d": 0,
        "l": 0
      },
      {
        "t": 41437.5,
        "d": 3,
        "l": 0
      },
      {
        "t": 41531.25,
        "d": 2,
        "l": 0
      },
      {
        "t": 41625,
        "d": 3,
        "l": 0
      },
      {
        "t": 41718.75,
        "d": 0,
        "l": 0
      },
      {
        "t": 41812.5,
        "d": 1,
        "l": 93.75
      },
      {
        "t": 42000,
        "d": 2,
        "l": 281.25
      },
      {
        "t": 42000,
        "d": 4,
        "l": 0
      },
      {
        "t": 42093.75,
        "d": 7,
        "l": 0
      },
      {
        "t": 42187.5,
        "d": 6,
        "l": 0
      },
      {
        "t": 42281.25,
        "d": 5,
        "l": 0
      },
      {
        "t": 42375,
        "d": 7,
        "l": 93.75
      },
      {
        "t": 42562.5,
        "d": 4,
        "l": 0
      },
      {
        "t": 42656.25,
        "d": 7,
        "l": 0
      },
      {
        "t": 42750,
        "d": 6,
        "l": 0
      },
      {
        "t": 42843.75,
        "d": 5,
        "l": 0
      },
      {
        "t": 42937.5,
        "d": 7,
        "l": 0
      },
      {
        "t": 43031.25,
        "d": 4,
        "l": 0
      },
      {
        "t": 43125,
        "d": 6,
        "l": 0
      },
      {
        "t": 43218.75,
        "d": 5,
        "l": 0
      },
      {
        "t": 43312.5,
        "d": 6,
        "l": 0
      },
      {
        "t": 43312.5,
        "d": 7,
        "l": 93.75
      },
      {
        "t": 43500,
        "d": 5,
        "l": 93.75
      },
      {
        "t": 43500,
        "d": 4,
        "l": 0
      },
      {
        "t": 43687.5,
        "d": 7,
        "l": 0
      },
      {
        "t": 43875,
        "d": 4,
        "l": 93.75
      },
      {
        "t": 44062.5,
        "d": 6,
        "l": 0
      },
      {
        "t": 44156.25,
        "d": 6,
        "l": 0
      },
      {
        "t": 44250,
        "d": 7,
        "l": 0
      },
      {
        "t": 44437.5,
        "d": 5,
        "l": 0
      },
      {
        "t": 44531.25,
        "d": 7,
        "l": 0
      },
      {
        "t": 44625,
        "d": 4,
        "l": 0
      },
      {
        "t": 44812.5,
        "d": 6,
        "l": 93.75
      },
      {
        "t": 45000,
        "d": 0,
        "l": 0
      },
      {
        "t": 45093.75,
        "d": 3,
        "l": 0
      },
      {
        "t": 45187.5,
        "d": 2,
        "l": 0
      },
      {
        "t": 45281.25,
        "d": 1,
        "l": 0
      },
      {
        "t": 45375,
        "d": 3,
        "l": 93.75
      },
      {
        "t": 45562.5,
        "d": 0,
        "l": 0
      },
      {
        "t": 45656.25,
        "d": 3,
        "l": 0
      },
      {
        "t": 45750,
        "d": 2,
        "l": 0
      },
      {
        "t": 45843.75,
        "d": 1,
        "l": 0
      },
      {
        "t": 45937.5,
        "d": 3,
        "l": 0
      },
      {
        "t": 46031.25,
        "d": 0,
        "l": 0
      },
      {
        "t": 46125,
        "d": 2,
        "l": 0
      },
      {
        "t": 46218.75,
        "d": 1,
        "l": 0
      },
      {
        "t": 46312.5,
        "d": 2,
        "l": 0
      },
      {
        "t": 46312.5,
        "d": 3,
        "l": 93.75
      },
      {
        "t": 46500,
        "d": 1,
        "l": 93.75
      },
      {
        "t": 46500,
        "d": 0,
        "l": 0
      },
      {
        "t": 46687.5,
        "d": 3,
        "l": 0
      },
      {
        "t": 46875,
        "d": 0,
        "l": 93.75
      },
      {
        "t": 47062.5,
        "d": 2,
        "l": 0
      },
      {
        "t": 47156.25,
        "d": 2,
        "l": 0
      },
      {
        "t": 47250,
        "d": 3,
        "l": 0
      },
      {
        "t": 47437.5,
        "d": 1,
        "l": 0
      },
      {
        "t": 47531.25,
        "d": 3,
        "l": 0
      },
      {
        "t": 47625,
        "d": 0,
        "l": 0
      },
      {
        "t": 47812.5,
        "d": 1,
        "l": 93.75
      },
      {
        "t": 48000,
        "d": 2,
        "l": 281.25
      },
      {
        "t": 48000,
        "d": 5,
        "l": 93.75
      },
      {
        "t": 48187.5,
        "d": 4,
        "l": 0
      },
      {
        "t": 48375,
        "d": 6,
        "l": 93.75
      },
      {
        "t": 48562.5,
        "d": 4,
        "l": 0
      },
      {
        "t": 48750,
        "d": 6,
        "l": 0
      },
      {
        "t": 48843.75,
        "d": 7,
        "l": 0
      },
      {
        "t": 48937.5,
        "d": 4,
        "l": 0
      },
      {
        "t": 49031.25,
        "d": 5,
        "l": 0
      },
      {
        "t": 49125,
        "d": 7,
        "l": 0
      },
      {
        "t": 49312.5,
        "d": 6,
        "l": 281.25
      },
      {
        "t": 49687.5,
        "d": 5,
        "l": 0
      },
      {
        "t": 49781.25,
        "d": 5,
        "l": 0
      },
      {
        "t": 49875,
        "d": 7,
        "l": 93.75
      },
      {
        "t": 50062.5,
        "d": 4,
        "l": 0
      },
      {
        "t": 50156.25,
        "d": 6,
        "l": 0
      },
      {
        "t": 50250,
        "d": 5,
        "l": 0
      },
      {
        "t": 50343.75,
        "d": 6,
        "l": 0
      },
      {
        "t": 50437.5,
        "d": 4,
        "l": 0
      },
      {
        "t": 50531.25,
        "d": 5,
        "l": 0
      },
      {
        "t": 50625,
        "d": 7,
        "l": 0
      },
      {
        "t": 50812.5,
        "d": 6,
        "l": 281.25
      },
      {
        "t": 51187.5,
        "d": 4,
        "l": 0
      },
      {
        "t": 51281.25,
        "d": 6,
        "l": 0
      },
      {
        "t": 51375,
        "d": 7,
        "l": 93.75
      },
      {
        "t": 51562.5,
        "d": 4,
        "l": 0
      },
      {
        "t": 51656.25,
        "d": 5,
        "l": 0
      },
      {
        "t": 51750,
        "d": 7,
        "l": 0
      },
      {
        "t": 51843.75,
        "d": 6,
        "l": 0
      },
      {
        "t": 51937.5,
        "d": 5,
        "l": 0
      },
      {
        "t": 52031.25,
        "d": 7,
        "l": 0
      },
      {
        "t": 52125,
        "d": 4,
        "l": 0
      },
      {
        "t": 52218.75,
        "d": 7,
        "l": 0
      },
      {
        "t": 52312.5,
        "d": 6,
        "l": 0
      },
      {
        "t": 52406.25,
        "d": 4,
        "l": 0
      },
      {
        "t": 52500,
        "d": 5,
        "l": 0
      },
      {
        "t": 52593.75,
        "d": 7,
        "l": 0
      },
      {
        "t": 52687.5,
        "d": 4,
        "l": 0
      },
      {
        "t": 52781.25,
        "d": 6,
        "l": 0
      },
      {
        "t": 52875,
        "d": 5,
        "l": 0
      },
      {
        "t": 52875,
        "d": 7,
        "l": 0
      },
      {
        "t": 52968.75,
        "d": 6,
        "l": 0
      },
      {
        "t": 53062.5,
        "d": 4,
        "l": 0
      },
      {
        "t": 53156.25,
        "d": 5,
        "l": 0
      },
      {
        "t": 53250,
        "d": 7,
        "l": 0
      },
      {
        "t": 53343.75,
        "d": 4,
        "l": 0
      },
      {
        "t": 53437.5,
        "d": 6,
        "l": 0
      },
      {
        "t": 53531.25,
        "d": 7,
        "l": 0
      },
      {
        "t": 53625,
        "d": 5,
        "l": 0
      },
      {
        "t": 53625,
        "d": 4,
        "l": 0
      },
      {
        "t": 53718.75,
        "d": 7,
        "l": 0
      },
      {
        "t": 53812.5,
        "d": 6,
        "l": 0
      },
      {
        "t": 53906.25,
        "d": 5,
        "l": 0
      },
      {
        "t": 54000,
        "d": 1,
        "l": 93.75
      },
      {
        "t": 54187.5,
        "d": 0,
        "l": 0
      },
      {
        "t": 54375,
        "d": 2,
        "l": 93.75
      },
      {
        "t": 54562.5,
        "d": 0,
        "l": 0
      },
      {
        "t": 54750,
        "d": 2,
        "l": 0
      },
      {
        "t": 54843.75,
        "d": 3,
        "l": 0
      },
      {
        "t": 54937.5,
        "d": 0,
        "l": 0
      },
      {
        "t": 55031.25,
        "d": 1,
        "l": 0
      },
      {
        "t": 55125,
        "d": 3,
        "l": 0
      },
      {
        "t": 55312.5,
        "d": 2,
        "l": 281.25
      },
      {
        "t": 55687.5,
        "d": 1,
        "l": 0
      },
      {
        "t": 55781.25,
        "d": 1,
        "l": 0
      },
      {
        "t": 55875,
        "d": 3,
        "l": 93.75
      },
      {
        "t": 56062.5,
        "d": 0,
        "l": 0
      },
      {
        "t": 56156.25,
        "d": 2,
        "l": 0
      },
      {
        "t": 56250,
        "d": 1,
        "l": 0
      },
      {
        "t": 56343.75,
        "d": 2,
        "l": 0
      },
      {
        "t": 56437.5,
        "d": 0,
        "l": 0
      },
      {
        "t": 56531.25,
        "d": 1,
        "l": 0
      },
      {
        "t": 56625,
        "d": 3,
        "l": 0
      },
      {
        "t": 56812.5,
        "d": 2,
        "l": 281.25
      },
      {
        "t": 57187.5,
        "d": 0,
        "l": 0
      },
      {
        "t": 57281.25,
        "d": 2,
        "l": 0
      },
      {
        "t": 57375,
        "d": 3,
        "l": 93.75
      },
      {
        "t": 57562.5,
        "d": 0,
        "l": 0
      },
      {
        "t": 57656.25,
        "d": 1,
        "l": 0
      },
      {
        "t": 57750,
        "d": 3,
        "l": 0
      },
      {
        "t": 57843.75,
        "d": 2,
        "l": 0
      },
      {
        "t": 57937.5,
        "d": 1,
        "l": 0
      },
      {
        "t": 58031.25,
        "d": 3,
        "l": 0
      },
      {
        "t": 58125,
        "d": 0,
        "l": 0
      },
      {
        "t": 58218.75,
        "d": 3,
        "l": 0
      },
      {
        "t": 58312.5,
        "d": 2,
        "l": 0
      },
      {
        "t": 58406.25,
        "d": 0,
        "l": 0
      },
      {
        "t": 58500,
        "d": 1,
        "l": 0
      },
      {
        "t": 58593.75,
        "d": 3,
        "l": 0
      },
      {
        "t": 58687.5,
        "d": 0,
        "l": 0
      },
      {
        "t": 58781.25,
        "d": 2,
        "l": 0
      },
      {
        "t": 58875,
        "d": 1,
        "l": 0
      },
      {
        "t": 58875,
        "d": 3,
        "l": 0
      },
      {
        "t": 58968.75,
        "d": 2,
        "l": 0
      },
      {
        "t": 59062.5,
        "d": 0,
        "l": 0
      },
      {
        "t": 59156.25,
        "d": 1,
        "l": 0
      },
      {
        "t": 59250,
        "d": 3,
        "l": 0
      },
      {
        "t": 59343.75,
        "d": 0,
        "l": 0
      },
      {
        "t": 59437.5,
        "d": 2,
        "l": 0
      },
      {
        "t": 59531.25,
        "d": 3,
        "l": 0
      },
      {
        "t": 59625,
        "d": 1,
        "l": 0
      },
      {
        "t": 59625,
        "d": 0,
        "l": 0
      },
      {
        "t": 59718.75,
        "d": 3,
        "l": 0
      },
      {
        "t": 59812.5,
        "d": 2,
        "l": 0
      },
      {
        "t": 59906.25,
        "d": 1,
        "l": 0
      },
      {
        "t": 60000,
        "d": 5,
        "l": 93.75
      },
      {
        "t": 60000,
        "d": 0,
        "l": 281.25
      },
      {
        "t": 60375,
        "d": 5,
        "l": 93.75
      },
      {
        "t": 60750,
        "d": 7,
        "l": 281.25
      },
      {
        "t": 60750,
        "d": 6,
        "l": 0
      },
      {
        "t": 60937.5,
        "d": 0,
        "l": 0
      },
      {
        "t": 61031.25,
        "d": 2,
        "l": 0
      },
      {
        "t": 61125,
        "d": 0,
        "l": 0
      },
      {
        "t": 61218.75,
        "d": 3,
        "l": 0
      },
      {
        "t": 61312.5,
        "d": 1,
        "l": 0
      },
      {
        "t": 61406.25,
        "d": 0,
        "l": 0
      },
      {
        "t": 61500,
        "d": 3,
        "l": 93.75
      },
      {
        "t": 61781.25,
        "d": 0,
        "l": 93.75
      },
      {
        "t": 62062.5,
        "d": 1,
        "l": 0
      },
      {
        "t": 62062.5,
        "d": 0,
        "l": 281.25
      },
      {
        "t": 62437.5,
        "d": 3,
        "l": 0
      },
      {
        "t": 62531.25,
        "d": 2,
        "l": 0
      },
      {
        "t": 62625,
        "d": 0,
        "l": 0
      },
      {
        "t": 62718.75,
        "d": 3,
        "l": 0
      },
      {
        "t": 62812.5,
        "d": 1,
        "l": 0
      },
      {
        "t": 62906.25,
        "d": 2,
        "l": 0
      },
      {
        "t": 63000,
        "d": 0,
        "l": 93.75
      },
      {
        "t": 63375,
        "d": 0,
        "l": 93.75
      },
      {
        "t": 63375,
        "d": 3,
        "l": 93.75
      },
      {
        "t": 63750,
        "d": 1,
        "l": 281.25
      },
      {
        "t": 63750,
        "d": 2,
        "l": 281.25
      },
      {
        "t": 63750,
        "d": 3,
        "l": 0
      },
      {
        "t": 63937.5,
        "d": 4,
        "l": 0
      },
      {
        "t": 64031.25,
        "d": 6,
        "l": 0
      },
      {
        "t": 64125,
        "d": 4,
        "l": 0
      },
      {
        "t": 64218.75,
        "d": 7,
        "l": 0
      },
      {
        "t": 64312.5,
        "d": 5,
        "l": 0
      },
      {
        "t": 64406.25,
        "d": 4,
        "l": 0
      },
      {
        "t": 64500,
        "d": 7,
        "l": 93.75
      },
      {
        "t": 64781.25,
        "d": 4,
        "l": 93.75
      },
      {
        "t": 64781.25,
        "d": 6,
        "l": 93.75
      },
      {
        "t": 65062.5,
        "d": 4,
        "l": 281.25
      },
      {
        "t": 65062.5,
        "d": 5,
        "l": 281.25
      },
      {
        "t": 65062.5,
        "d": 7,
        "l": 0
      },
      {
        "t": 65437.5,
        "d": 7,
        "l": 0
      },
      {
        "t": 65531.25,
        "d": 6,
        "l": 0
      },
      {
        "t": 65625,
        "d": 4,
        "l": 0
      },
      {
        "t": 65718.75,
        "d": 7,
        "l": 0
      },
      {
        "t": 65812.5,
        "d": 5,
        "l": 0
      },
      {
        "t": 65906.25,
        "d": 6,
        "l": 0
      },
      {
        "t": 66000,
        "d": 7,
        "l": 93.75
      },
      {
        "t": 66281.25,
        "d": 7,
        "l": 93.75
      },
      {
        "t": 66562.5,
        "d": 7,
        "l": 93.75
      },
      {
        "t": 66750,
        "d": 4,
        "l": 0
      },
      {
        "t": 66843.75,
        "d": 6,
        "l": 0
      },
      {
        "t": 66937.5,
        "d": 5,
        "l": 0
      },
      {
        "t": 67031.25,
        "d": 7,
        "l": 0
      },
      {
        "t": 67125,
        "d": 4,
        "l": 0
      },
      {
        "t": 67218.75,
        "d": 5,
        "l": 0
      },
      {
        "t": 67312.5,
        "d": 7,
        "l": 0
      },
      {
        "t": 67406.25,
        "d": 6,
        "l": 0
      },
      {
        "t": 67500,
        "d": 7,
        "l": 0
      },
      {
        "t": 67500,
        "d": 4,
        "l": 93.75
      },
      {
        "t": 67781.25,
        "d": 5,
        "l": 93.75
      },
      {
        "t": 68062.5,
        "d": 7,
        "l": 0
      },
      {
        "t": 68156.25,
        "d": 6,
        "l": 0
      },
      {
        "t": 68250,
        "d": 4,
        "l": 0
      },
      {
        "t": 68343.75,
        "d": 7,
        "l": 0
      },
      {
        "t": 68437.5,
        "d": 6,
        "l": 0
      },
      {
        "t": 68531.25,
        "d": 5,
        "l": 0
      },
      {
        "t": 68625,
        "d": 7,
        "l": 0
      },
      {
        "t": 68718.75,
        "d": 6,
        "l": 0
      },
      {
        "t": 68812.5,
        "d": 4,
        "l": 0
      },
      {
        "t": 68906.25,
        "d": 5,
        "l": 0
      },
      {
        "t": 69000,
        "d": 7,
        "l": 656.25
      },
      {
        "t": 69000,
        "d": 3,
        "l": 93.75
      },
      {
        "t": 69281.25,
        "d": 3,
        "l": 93.75
      },
      {
        "t": 69562.5,
        "d": 3,
        "l": 93.75
      },
      {
        "t": 69750,
        "d": 0,
        "l": 0
      },
      {
        "t": 69843.75,
        "d": 2,
        "l": 0
      },
      {
        "t": 69937.5,
        "d": 1,
        "l": 0
      },
      {
        "t": 70031.25,
        "d": 3,
        "l": 0
      },
      {
        "t": 70125,
        "d": 0,
        "l": 0
      },
      {
        "t": 70218.75,
        "d": 1,
        "l": 0
      },
      {
        "t": 70312.5,
        "d": 3,
        "l": 0
      },
      {
        "t": 70406.25,
        "d": 2,
        "l": 0
      },
      {
        "t": 70500,
        "d": 3,
        "l": 0
      },
      {
        "t": 70500,
        "d": 0,
        "l": 93.75
      },
      {
        "t": 70781.25,
        "d": 1,
        "l": 93.75
      },
      {
        "t": 71062.5,
        "d": 3,
        "l": 0
      },
      {
        "t": 71156.25,
        "d": 2,
        "l": 0
      },
      {
        "t": 71250,
        "d": 0,
        "l": 0
      },
      {
        "t": 71343.75,
        "d": 3,
        "l": 0
      },
      {
        "t": 71437.5,
        "d": 2,
        "l": 0
      },
      {
        "t": 71531.25,
        "d": 1,
        "l": 0
      },
      {
        "t": 71625,
        "d": 3,
        "l": 0
      },
      {
        "t": 71718.75,
        "d": 2,
        "l": 0
      },
      {
        "t": 71812.5,
        "d": 0,
        "l": 0
      },
      {
        "t": 71906.25,
        "d": 1,
        "l": 0
      },
      {
        "t": 72000,
        "d": 3,
        "l": 656.25
      },
      {
        "t": 72000,
        "d": 6,
        "l": 0
      },
      {
        "t": 72187.5,
        "d": 4,
        "l": 0
      },
      {
        "t": 72281.25,
        "d": 5,
        "l": 0
      },
      {
        "t": 72468.75,
        "d": 7,
        "l": 0
      },
      {
        "t": 72562.5,
        "d": 6,
        "l": 93.75
      },
      {
        "t": 72750,
        "d": 4,
        "l": 0
      },
      {
        "t": 72843.75,
        "d": 7,
        "l": 0
      },
      {
        "t": 72937.5,
        "d": 5,
        "l": 0
      },
      {
        "t": 73031.25,
        "d": 4,
        "l": 0
      },
      {
        "t": 73125,
        "d": 6,
        "l": 0
      },
      {
        "t": 73218.75,
        "d": 7,
        "l": 0
      },
      {
        "t": 73312.5,
        "d": 6,
        "l": 93.75
      },
      {
        "t": 73500,
        "d": 4,
        "l": 0
      },
      {
        "t": 73500,
        "d": 0,
        "l": 656.25
      },
      {
        "t": 73687.5,
        "d": 5,
        "l": 0
      },
      {
        "t": 73781.25,
        "d": 7,
        "l": 0
      },
      {
        "t": 73968.75,
        "d": 4,
        "l": 0
      },
      {
        "t": 74062.5,
        "d": 6,
        "l": 93.75
      },
      {
        "t": 74250,
        "d": 5,
        "l": 93.75
      },
      {
        "t": 74250,
        "d": 1,
        "l": 656.25
      },
      {
        "t": 74437.5,
        "d": 7,
        "l": 0
      },
      {
        "t": 74531.25,
        "d": 4,
        "l": 0
      },
      {
        "t": 74625,
        "d": 6,
        "l": 0
      },
      {
        "t": 74812.5,
        "d": 7,
        "l": 0
      },
      {
        "t": 74906.25,
        "d": 4,
        "l": 0
      },
      {
        "t": 75000,
        "d": 5,
        "l": 0
      },
      {
        "t": 75000,
        "d": 2,
        "l": 656.25
      },
      {
        "t": 75093.75,
        "d": 5,
        "l": 0
      },
      {
        "t": 75187.5,
        "d": 6,
        "l": 93.75
      },
      {
        "t": 75375,
        "d": 4,
        "l": 0
      },
      {
        "t": 75562.5,
        "d": 7,
        "l": 0
      },
      {
        "t": 75656.25,
        "d": 5,
        "l": 0
      },
      {
        "t": 75750,
        "d": 6,
        "l": 0
      },
      {
        "t": 75937.5,
        "d": 4,
        "l": 0
      },
      {
        "t": 75937.5,
        "d": 6,
        "l": 93.75
      },
      {
        "t": 76125,
        "d": 7,
        "l": 0
      },
      {
        "t": 76312.5,
        "d": 4,
        "l": 0
      },
      {
        "t": 76406.25,
        "d": 7,
        "l": 0
      },
      {
        "t": 76500,
        "d": 5,
        "l": 0
      },
      {
        "t": 76500,
        "d": 3,
        "l": 656.25
      },
      {
        "t": 76593.75,
        "d": 5,
        "l": 0
      },
      {
        "t": 76687.5,
        "d": 6,
        "l": 93.75
      },
      {
        "t": 76875,
        "d": 4,
        "l": 0
      },
      {
        "t": 77062.5,
        "d": 5,
        "l": 0
      },
      {
        "t": 77156.25,
        "d": 7,
        "l": 0
      },
      {
        "t": 77250,
        "d": 6,
        "l": 0
      },
      {
        "t": 77250,
        "d": 5,
        "l": 0
      },
      {
        "t": 77250,
        "d": 2,
        "l": 0
      },
      {
        "t": 77250,
        "d": 0,
        "l": 656.25
      },
      {
        "t": 77437.5,
        "d": 4,
        "l": 0
      },
      {
        "t": 77531.25,
        "d": 6,
        "l": 0
      },
      {
        "t": 77625,
        "d": 7,
        "l": 93.75
      },
      {
        "t": 77812.5,
        "d": 5,
        "l": 93.75
      },
      {
        "t": 78000,
        "d": 6,
        "l": 468.75
      },
      {
        "t": 78000,
        "d": 2,
        "l": 0
      },
      {
        "t": 78187.5,
        "d": 0,
        "l": 0
      },
      {
        "t": 78281.25,
        "d": 1,
        "l": 0
      },
      {
        "t": 78468.75,
        "d": 3,
        "l": 0
      },
      {
        "t": 78562.5,
        "d": 2,
        "l": 93.75
      },
      {
        "t": 78750,
        "d": 0,
        "l": 0
      },
      {
        "t": 78843.75,
        "d": 3,
        "l": 0
      },
      {
        "t": 78937.5,
        "d": 1,
        "l": 0
      },
      {
        "t": 79031.25,
        "d": 0,
        "l": 0
      },
      {
        "t": 79125,
        "d": 2,
        "l": 0
      },
      {
        "t": 79218.75,
        "d": 3,
        "l": 0
      },
      {
        "t": 79312.5,
        "d": 2,
        "l": 93.75
      },
      {
        "t": 79500,
        "d": 0,
        "l": 0
      },
      {
        "t": 79500,
        "d": 4,
        "l": 656.25
      },
      {
        "t": 79687.5,
        "d": 1,
        "l": 0
      },
      {
        "t": 79781.25,
        "d": 3,
        "l": 0
      },
      {
        "t": 79968.75,
        "d": 0,
        "l": 0
      },
      {
        "t": 80062.5,
        "d": 2,
        "l": 93.75
      },
      {
        "t": 80250,
        "d": 1,
        "l": 93.75
      },
      {
        "t": 80250,
        "d": 5,
        "l": 656.25
      },
      {
        "t": 80437.5,
        "d": 3,
        "l": 0
      },
      {
        "t": 80531.25,
        "d": 0,
        "l": 0
      },
      {
        "t": 80625,
        "d": 2,
        "l": 0
      },
      {
        "t": 80812.5,
        "d": 3,
        "l": 0
      },
      {
        "t": 80906.25,
        "d": 0,
        "l": 0
      },
      {
        "t": 81000,
        "d": 1,
        "l": 0
      },
      {
        "t": 81000,
        "d": 6,
        "l": 656.25
      },
      {
        "t": 81093.75,
        "d": 1,
        "l": 0
      },
      {
        "t": 81187.5,
        "d": 2,
        "l": 93.75
      },
      {
        "t": 81375,
        "d": 0,
        "l": 0
      },
      {
        "t": 81562.5,
        "d": 3,
        "l": 0
      },
      {
        "t": 81656.25,
        "d": 1,
        "l": 0
      },
      {
        "t": 81750,
        "d": 2,
        "l": 0
      },
      {
        "t": 81937.5,
        "d": 0,
        "l": 0
      },
      {
        "t": 81937.5,
        "d": 2,
        "l": 93.75
      },
      {
        "t": 82125,
        "d": 3,
        "l": 0
      },
      {
        "t": 82312.5,
        "d": 0,
        "l": 0
      },
      {
        "t": 82406.25,
        "d": 3,
        "l": 0
      },
      {
        "t": 82500,
        "d": 1,
        "l": 0
      },
      {
        "t": 82500,
        "d": 7,
        "l": 656.25
      },
      {
        "t": 82593.75,
        "d": 1,
        "l": 0
      },
      {
        "t": 82687.5,
        "d": 2,
        "l": 93.75
      },
      {
        "t": 82875,
        "d": 0,
        "l": 0
      },
      {
        "t": 83062.5,
        "d": 1,
        "l": 0
      },
      {
        "t": 83156.25,
        "d": 3,
        "l": 0
      },
      {
        "t": 83250,
        "d": 2,
        "l": 0
      },
      {
        "t": 83250,
        "d": 1,
        "l": 0
      },
      {
        "t": 83250,
        "d": 6,
        "l": 0
      },
      {
        "t": 83250,
        "d": 4,
        "l": 656.25
      },
      {
        "t": 83437.5,
        "d": 0,
        "l": 0
      },
      {
        "t": 83531.25,
        "d": 2,
        "l": 0
      },
      {
        "t": 83625,
        "d": 3,
        "l": 93.75
      },
      {
        "t": 83812.5,
        "d": 1,
        "l": 93.75
      },
      {
        "t": 84000,
        "d": 6,
        "l": 281.25
      },
      {
        "t": 84000,
        "d": 5,
        "l": 0
      },
      {
        "t": 84187.5,
        "d": 2,
        "l": 0
      },
      {
        "t": 84375,
        "d": 4,
        "l": 281.25
      },
      {
        "t": 84562.5,
        "d": 2,
        "l": 0
      },
      {
        "t": 84750,
        "d": 7,
        "l": 0
      },
      {
        "t": 84843.75,
        "d": 5,
        "l": 0
      },
      {
        "t": 84937.5,
        "d": 4,
        "l": 0
      },
      {
        "t": 84937.5,
        "d": 2,
        "l": 0
      },
      {
        "t": 85031.25,
        "d": 6,
        "l": 0
      },
      {
        "t": 85125,
        "d": 7,
        "l": 93.75
      },
      {
        "t": 85125,
        "d": 1,
        "l": 93.75
      },
      {
        "t": 85312.5,
        "d": 5,
        "l": 93.75
      },
      {
        "t": 85312.5,
        "d": 2,
        "l": 0
      },
      {
        "t": 85500,
        "d": 7,
        "l": 0
      },
      {
        "t": 85500,
        "d": 6,
        "l": 281.25
      },
      {
        "t": 85687.5,
        "d": 0,
        "l": 0
      },
      {
        "t": 85875,
        "d": 7,
        "l": 281.25
      },
      {
        "t": 86062.5,
        "d": 0,
        "l": 0
      },
      {
        "t": 86250,
        "d": 4,
        "l": 0
      },
      {
        "t": 86343.75,
        "d": 5,
        "l": 0
      },
      {
        "t": 86437.5,
        "d": 7,
        "l": 0
      },
      {
        "t": 86437.5,
        "d": 0,
        "l": 0
      },
      {
        "t": 86531.25,
        "d": 6,
        "l": 0
      },
      {
        "t": 86625,
        "d": 7,
        "l": 0
      },
      {
        "t": 86625,
        "d": 3,
        "l": 93.75
      },
      {
        "t": 86812.5,
        "d": 4,
        "l": 0
      },
      {
        "t": 86812.5,
        "d": 0,
        "l": 0
      },
      {
        "t": 87000,
        "d": 4,
        "l": 0
      },
      {
        "t": 87000,
        "d": 6,
        "l": 281.25
      },
      {
        "t": 87187.5,
        "d": 2,
        "l": 0
      },
      {
        "t": 87375,
        "d": 7,
        "l": 0
      },
      {
        "t": 87562.5,
        "d": 5,
        "l": 0
      },
      {
        "t": 87562.5,
        "d": 2,
        "l": 0
      },
      {
        "t": 87750,
        "d": 7,
        "l": 0
      },
      {
        "t": 87843.75,
        "d": 4,
        "l": 0
      },
      {
        "t": 87937.5,
        "d": 6,
        "l": 0
      },
      {
        "t": 87937.5,
        "d": 0,
        "l": 0
      },
      {
        "t": 88031.25,
        "d": 7,
        "l": 0
      },
      {
        "t": 88125,
        "d": 4,
        "l": 93.75
      },
      {
        "t": 88125,
        "d": 1,
        "l": 0
      },
      {
        "t": 88312.5,
        "d": 7,
        "l": 0
      },
      {
        "t": 88312.5,
        "d": 3,
        "l": 281.25
      },
      {
        "t": 88500,
        "d": 5,
        "l": 0
      },
      {
        "t": 88500,
        "d": 7,
        "l": 281.25
      },
      {
        "t": 88500,
        "d": 2,
        "l": 0
      },
      {
        "t": 88687.5,
        "d": 0,
        "l": 0
      },
      {
        "t": 88875,
        "d": 6,
        "l": 281.25
      },
      {
        "t": 88875,
        "d": 1,
        "l": 0
      },
      {
        "t": 89062.5,
        "d": 2,
        "l": 281.25
      },
      {
        "t": 89250,
        "d": 4,
        "l": 0
      },
      {
        "t": 89250,
        "d": 3,
        "l": 0
      },
      {
        "t": 89343.75,
        "d": 6,
        "l": 0
      },
      {
        "t": 89437.5,
        "d": 7,
        "l": 0
      },
      {
        "t": 89437.5,
        "d": 1,
        "l": 0
      },
      {
        "t": 89531.25,
        "d": 4,
        "l": 0
      },
      {
        "t": 89625,
        "d": 5,
        "l": 93.75
      },
      {
        "t": 89625,
        "d": 0,
        "l": 0
      },
      {
        "t": 89812.5,
        "d": 7,
        "l": 93.75
      },
      {
        "t": 89812.5,
        "d": 3,
        "l": 0
      },
      {
        "t": 90000,
        "d": 1,
        "l": 0
      },
      {
        "t": 90000,
        "d": 2,
        "l": 281.25
      },
      {
        "t": 90187.5,
        "d": 6,
        "l": 0
      },
      {
        "t": 90375,
        "d": 0,
        "l": 281.25
      },
      {
        "t": 90562.5,
        "d": 6,
        "l": 0
      },
      {
        "t": 90750,
        "d": 3,
        "l": 0
      },
      {
        "t": 90843.75,
        "d": 1,
        "l": 0
      },
      {
        "t": 90937.5,
        "d": 0,
        "l": 0
      },
      {
        "t": 90937.5,
        "d": 6,
        "l": 0
      },
      {
        "t": 91031.25,
        "d": 2,
        "l": 0
      },
      {
        "t": 91125,
        "d": 3,
        "l": 93.75
      },
      {
        "t": 91125,
        "d": 5,
        "l": 93.75
      },
      {
        "t": 91312.5,
        "d": 1,
        "l": 93.75
      },
      {
        "t": 91312.5,
        "d": 6,
        "l": 0
      },
      {
        "t": 91500,
        "d": 3,
        "l": 0
      },
      {
        "t": 91500,
        "d": 2,
        "l": 281.25
      },
      {
        "t": 91687.5,
        "d": 4,
        "l": 0
      },
      {
        "t": 91875,
        "d": 3,
        "l": 281.25
      },
      {
        "t": 92062.5,
        "d": 4,
        "l": 0
      },
      {
        "t": 92250,
        "d": 0,
        "l": 0
      },
      {
        "t": 92343.75,
        "d": 1,
        "l": 0
      },
      {
        "t": 92437.5,
        "d": 3,
        "l": 0
      },
      {
        "t": 92437.5,
        "d": 4,
        "l": 0
      },
      {
        "t": 92531.25,
        "d": 2,
        "l": 0
      },
      {
        "t": 92625,
        "d": 3,
        "l": 0
      },
      {
        "t": 92625,
        "d": 7,
        "l": 93.75
      },
      {
        "t": 92812.5,
        "d": 0,
        "l": 0
      },
      {
        "t": 92812.5,
        "d": 4,
        "l": 0
      },
      {
        "t": 93000,
        "d": 0,
        "l": 0
      },
      {
        "t": 93000,
        "d": 2,
        "l": 281.25
      },
      {
        "t": 93187.5,
        "d": 6,
        "l": 0
      },
      {
        "t": 93375,
        "d": 3,
        "l": 0
      },
      {
        "t": 93562.5,
        "d": 1,
        "l": 0
      },
      {
        "t": 93562.5,
        "d": 6,
        "l": 0
      },
      {
        "t": 93750,
        "d": 3,
        "l": 0
      },
      {
        "t": 93843.75,
        "d": 0,
        "l": 0
      },
      {
        "t": 93937.5,
        "d": 2,
        "l": 0
      },
      {
        "t": 93937.5,
        "d": 4,
        "l": 0
      },
      {
        "t": 94031.25,
        "d": 3,
        "l": 0
      },
      {
        "t": 94125,
        "d": 0,
        "l": 93.75
      },
      {
        "t": 94125,
        "d": 5,
        "l": 0
      },
      {
        "t": 94312.5,
        "d": 3,
        "l": 0
      },
      {
        "t": 94312.5,
        "d": 7,
        "l": 281.25
      },
      {
        "t": 94500,
        "d": 1,
        "l": 0
      },
      {
        "t": 94500,
        "d": 3,
        "l": 281.25
      },
      {
        "t": 94500,
        "d": 6,
        "l": 0
      },
      {
        "t": 94687.5,
        "d": 4,
        "l": 0
      },
      {
        "t": 94875,
        "d": 2,
        "l": 281.25
      },
      {
        "t": 94875,
        "d": 5,
        "l": 0
      },
      {
        "t": 95062.5,
        "d": 6,
        "l": 281.25
      },
      {
        "t": 95250,
        "d": 0,
        "l": 0
      },
      {
        "t": 95250,
        "d": 7,
        "l": 0
      },
      {
        "t": 95343.75,
        "d": 2,
        "l": 0
      },
      {
        "t": 95437.5,
        "d": 3,
        "l": 0
      },
      {
        "t": 95437.5,
        "d": 5,
        "l": 0
      },
      {
        "t": 95531.25,
        "d": 0,
        "l": 0
      },
      {
        "t": 95625,
        "d": 1,
        "l": 93.75
      },
      {
        "t": 95625,
        "d": 4,
        "l": 0
      },
      {
        "t": 95812.5,
        "d": 3,
        "l": 93.75
      },
      {
        "t": 95812.5,
        "d": 7,
        "l": 0
      },
      {
        "t": 96000,
        "d": 4,
        "l": 0
      },
      {
        "t": 96000,
        "d": 2,
        "l": 93.75
      },
      {
        "t": 96000,
        "d": 0,
        "l": 0
      },
      {
        "t": 96093.75,
        "d": 5,
        "l": 0
      },
      {
        "t": 96187.5,
        "d": 7,
        "l": 93.75
      },
      {
        "t": 96375,
        "d": 6,
        "l": 0
      },
      {
        "t": 96375,
        "d": 1,
        "l": 93.75
      },
      {
        "t": 96468.75,
        "d": 4,
        "l": 0
      },
      {
        "t": 96562.5,
        "d": 7,
        "l": 0
      },
      {
        "t": 96656.25,
        "d": 5,
        "l": 0
      },
      {
        "t": 96750,
        "d": 4,
        "l": 93.75
      },
      {
        "t": 96750,
        "d": 3,
        "l": 0
      },
      {
        "t": 96937.5,
        "d": 7,
        "l": 0
      },
      {
        "t": 97031.25,
        "d": 0,
        "l": 0
      },
      {
        "t": 97125,
        "d": 6,
        "l": 93.75
      },
      {
        "t": 97312.5,
        "d": 4,
        "l": 0
      },
      {
        "t": 97312.5,
        "d": 5,
        "l": 0
      },
      {
        "t": 97312.5,
        "d": 1,
        "l": 0
      },
      {
        "t": 97312.5,
        "d": 2,
        "l": 281.25
      },
      {
        "t": 97500,
        "d": 6,
        "l": 0
      },
      {
        "t": 97593.75,
        "d": 4,
        "l": 0
      },
      {
        "t": 97687.5,
        "d": 7,
        "l": 0
      },
      {
        "t": 97687.5,
        "d": 3,
        "l": 0
      },
      {
        "t": 97781.25,
        "d": 5,
        "l": 0
      },
      {
        "t": 97781.25,
        "d": 1,
        "l": 0
      },
      {
        "t": 97875,
        "d": 7,
        "l": 0
      },
      {
        "t": 97875,
        "d": 0,
        "l": 93.75
      },
      {
        "t": 97968.75,
        "d": 6,
        "l": 0
      },
      {
        "t": 98062.5,
        "d": 4,
        "l": 0
      },
      {
        "t": 98062.5,
        "d": 2,
        "l": 0
      },
      {
        "t": 98156.25,
        "d": 5,
        "l": 0
      },
      {
        "t": 98250,
        "d": 7,
        "l": 0
      },
      {
        "t": 98250,
        "d": 0,
        "l": 93.75
      },
      {
        "t": 98343.75,
        "d": 4,
        "l": 0
      },
      {
        "t": 98437.5,
        "d": 7,
        "l": 0
      },
      {
        "t": 98437.5,
        "d": 2,
        "l": 93.75
      },
      {
        "t": 98531.25,
        "d": 6,
        "l": 0
      },
      {
        "t": 98625,
        "d": 7,
        "l": 0
      },
      {
        "t": 98625,
        "d": 1,
        "l": 93.75
      },
      {
        "t": 98718.75,
        "d": 4,
        "l": 0
      },
      {
        "t": 98812.5,
        "d": 5,
        "l": 93.75
      },
      {
        "t": 98812.5,
        "d": 2,
        "l": 93.75
      },
      {
        "t": 99000,
        "d": 0,
        "l": 0
      },
      {
        "t": 99000,
        "d": 6,
        "l": 93.75
      },
      {
        "t": 99000,
        "d": 4,
        "l": 0
      },
      {
        "t": 99093.75,
        "d": 1,
        "l": 0
      },
      {
        "t": 99187.5,
        "d": 3,
        "l": 93.75
      },
      {
        "t": 99375,
        "d": 2,
        "l": 0
      },
      {
        "t": 99375,
        "d": 5,
        "l": 93.75
      },
      {
        "t": 99468.75,
        "d": 0,
        "l": 0
      },
      {
        "t": 99562.5,
        "d": 3,
        "l": 0
      },
      {
        "t": 99656.25,
        "d": 1,
        "l": 0
      },
      {
        "t": 99750,
        "d": 0,
        "l": 93.75
      },
      {
        "t": 99750,
        "d": 7,
        "l": 0
      },
      {
        "t": 99937.5,
        "d": 3,
        "l": 0
      },
      {
        "t": 100031.25,
        "d": 4,
        "l": 0
      },
      {
        "t": 100125,
        "d": 2,
        "l": 93.75
      },
      {
        "t": 100312.5,
        "d": 0,
        "l": 0
      },
      {
        "t": 100312.5,
        "d": 1,
        "l": 0
      },
      {
        "t": 100312.5,
        "d": 5,
        "l": 0
      },
      {
        "t": 100312.5,
        "d": 6,
        "l": 281.25
      },
      {
        "t": 100500,
        "d": 2,
        "l": 0
      },
      {
        "t": 100593.75,
        "d": 0,
        "l": 0
      },
      {
        "t": 100687.5,
        "d": 3,
        "l": 0
      },
      {
        "t": 100687.5,
        "d": 7,
        "l": 0
      },
      {
        "t": 100781.25,
        "d": 1,
        "l": 0
      },
      {
        "t": 100781.25,
        "d": 5,
        "l": 0
      },
      {
        "t": 100875,
        "d": 3,
        "l": 0
      },
      {
        "t": 100875,
        "d": 4,
        "l": 93.75
      },
      {
        "t": 100968.75,
        "d": 2,
        "l": 0
      },
      {
        "t": 101062.5,
        "d": 0,
        "l": 0
      },
      {
        "t": 101062.5,
        "d": 6,
        "l": 0
      },
      {
        "t": 101156.25,
        "d": 1,
        "l": 0
      },
      {
        "t": 101250,
        "d": 3,
        "l": 0
      },
      {
        "t": 101250,
        "d": 4,
        "l": 93.75
      },
      {
        "t": 101343.75,
        "d": 0,
        "l": 0
      },
      {
        "t": 101437.5,
        "d": 3,
        "l": 0
      },
      {
        "t": 101437.5,
        "d": 6,
        "l": 93.75
      },
      {
        "t": 101531.25,
        "d": 2,
        "l": 0
      },
      {
        "t": 101625,
        "d": 3,
        "l": 0
      },
      {
        "t": 101625,
        "d": 5,
        "l": 93.75
      },
      {
        "t": 101718.75,
        "d": 0,
        "l": 0
      },
      {
        "t": 101812.5,
        "d": 1,
        "l": 93.75
      },
      {
        "t": 101812.5,
        "d": 6,
        "l": 93.75
      },
      {
        "t": 102000,
        "d": 2,
        "l": 281.25
      },
      {
        "t": 102000,
        "d": 4,
        "l": 0
      },
      {
        "t": 102093.75,
        "d": 7,
        "l": 0
      },
      {
        "t": 102187.5,
        "d": 6,
        "l": 0
      },
      {
        "t": 102281.25,
        "d": 5,
        "l": 0
      },
      {
        "t": 102375,
        "d": 7,
        "l": 93.75
      },
      {
        "t": 102375,
        "d": 0,
        "l": 93.75
      },
      {
        "t": 102562.5,
        "d": 4,
        "l": 0
      },
      {
        "t": 102562.5,
        "d": 3,
        "l": 0
      },
      {
        "t": 102656.25,
        "d": 7,
        "l": 0
      },
      {
        "t": 102750,
        "d": 6,
        "l": 0
      },
      {
        "t": 102750,
        "d": 0,
        "l": 93.75
      },
      {
        "t": 102843.75,
        "d": 5,
        "l": 0
      },
      {
        "t": 102937.5,
        "d": 7,
        "l": 0
      },
      {
        "t": 102937.5,
        "d": 2,
        "l": 0
      },
      {
        "t": 103031.25,
        "d": 4,
        "l": 0
      },
      {
        "t": 103125,
        "d": 6,
        "l": 0
      },
      {
        "t": 103125,
        "d": 1,
        "l": 0
      },
      {
        "t": 103218.75,
        "d": 5,
        "l": 0
      },
      {
        "t": 103312.5,
        "d": 6,
        "l": 0
      },
      {
        "t": 103312.5,
        "d": 7,
        "l": 93.75
      },
      {
        "t": 103312.5,
        "d": 0,
        "l": 0
      },
      {
        "t": 103312.5,
        "d": 3,
        "l": 281.25
      },
      {
        "t": 103500,
        "d": 5,
        "l": 93.75
      },
      {
        "t": 103500,
        "d": 4,
        "l": 0
      },
      {
        "t": 103687.5,
        "d": 7,
        "l": 0
      },
      {
        "t": 103687.5,
        "d": 1,
        "l": 0
      },
      {
        "t": 103781.25,
        "d": 1,
        "l": 0
      },
      {
        "t": 103875,
        "d": 4,
        "l": 93.75
      },
      {
        "t": 103875,
        "d": 2,
        "l": 93.75
      },
      {
        "t": 104062.5,
        "d": 6,
        "l": 0
      },
      {
        "t": 104062.5,
        "d": 0,
        "l": 0
      },
      {
        "t": 104156.25,
        "d": 6,
        "l": 0
      },
      {
        "t": 104250,
        "d": 7,
        "l": 0
      },
      {
        "t": 104250,
        "d": 1,
        "l": 93.75
      },
      {
        "t": 104437.5,
        "d": 5,
        "l": 0
      },
      {
        "t": 104437.5,
        "d": 3,
        "l": 0
      },
      {
        "t": 104531.25,
        "d": 7,
        "l": 0
      },
      {
        "t": 104625,
        "d": 4,
        "l": 0
      },
      {
        "t": 104625,
        "d": 1,
        "l": 0
      },
      {
        "t": 104625,
        "d": 0,
        "l": 93.75
      },
      {
        "t": 104812.5,
        "d": 6,
        "l": 93.75
      },
      {
        "t": 104812.5,
        "d": 2,
        "l": 0
      },
      {
        "t": 105000,
        "d": 0,
        "l": 0
      },
      {
        "t": 105000,
        "d": 6,
        "l": 281.25
      },
      {
        "t": 105093.75,
        "d": 3,
        "l": 0
      },
      {
        "t": 105187.5,
        "d": 2,
        "l": 0
      },
      {
        "t": 105281.25,
        "d": 1,
        "l": 0
      },
      {
        "t": 105375,
        "d": 3,
        "l": 93.75
      },
      {
        "t": 105375,
        "d": 4,
        "l": 93.75
      },
      {
        "t": 105562.5,
        "d": 0,
        "l": 0
      },
      {
        "t": 105562.5,
        "d": 7,
        "l": 0
      },
      {
        "t": 105656.25,
        "d": 3,
        "l": 0
      },
      {
        "t": 105750,
        "d": 2,
        "l": 0
      },
      {
        "t": 105750,
        "d": 4,
        "l": 93.75
      },
      {
        "t": 105843.75,
        "d": 1,
        "l": 0
      },
      {
        "t": 105937.5,
        "d": 3,
        "l": 0
      },
      {
        "t": 105937.5,
        "d": 6,
        "l": 0
      },
      {
        "t": 106031.25,
        "d": 0,
        "l": 0
      },
      {
        "t": 106125,
        "d": 2,
        "l": 0
      },
      {
        "t": 106125,
        "d": 5,
        "l": 0
      },
      {
        "t": 106218.75,
        "d": 1,
        "l": 0
      },
      {
        "t": 106312.5,
        "d": 2,
        "l": 0
      },
      {
        "t": 106312.5,
        "d": 3,
        "l": 93.75
      },
      {
        "t": 106312.5,
        "d": 4,
        "l": 0
      },
      {
        "t": 106312.5,
        "d": 7,
        "l": 281.25
      },
      {
        "t": 106500,
        "d": 1,
        "l": 93.75
      },
      {
        "t": 106500,
        "d": 0,
        "l": 0
      },
      {
        "t": 106687.5,
        "d": 3,
        "l": 0
      },
      {
        "t": 106687.5,
        "d": 5,
        "l": 0
      },
      {
        "t": 106781.25,
        "d": 5,
        "l": 0
      },
      {
        "t": 106875,
        "d": 0,
        "l": 93.75
      },
      {
        "t": 106875,
        "d": 6,
        "l": 93.75
      },
      {
        "t": 107062.5,
        "d": 2,
        "l": 0
      },
      {
        "t": 107062.5,
        "d": 4,
        "l": 0
      },
      {
        "t": 107156.25,
        "d": 2,
        "l": 0
      },
      {
        "t": 107250,
        "d": 3,
        "l": 0
      },
      {
        "t": 107250,
        "d": 5,
        "l": 93.75
      },
      {
        "t": 107437.5,
        "d": 1,
        "l": 0
      },
      {
        "t": 107437.5,
        "d": 7,
        "l": 0
      },
      {
        "t": 107531.25,
        "d": 3,
        "l": 0
      },
      {
        "t": 107625,
        "d": 0,
        "l": 0
      },
      {
        "t": 107625,
        "d": 5,
        "l": 0
      },
      {
        "t": 107625,
        "d": 4,
        "l": 93.75
      },
      {
        "t": 107812.5,
        "d": 1,
        "l": 93.75
      },
      {
        "t": 108000,
        "d": 2,
        "l": 281.25
      }
    ],
    "hard": [    ]
  },
  "generatedBy": "Friday Night Funkin' - v0.4.1"
}