﻿<?xml version="1.0" encoding="utf-8"?>
<TextureAtlas imagePath="gfDanceTitle.png">
	<!-- Created with Adobe Animate version 19.0.0.326 -->
	<!-- http://www.adobe.com/products/animate.html -->
	<SubTexture name="gfDance0000" x="0" y="0" width="713" height="649" frameX="-2" frameY="-14" frameWidth="718" frameHeight="663"/>
	<SubTexture name="gfDance0001" x="713" y="0" width="718" height="649" frameX="0" frameY="-14" frameWidth="718" frameHeight="663"/>
	<SubTexture name="gfDance0002" x="1431" y="0" width="715" height="647" frameX="0" frameY="-16" frameWidth="718" frameHeight="663"/>
	<SubTexture name="gfDance0003" x="2146" y="0" width="713" height="647" frameX="-2" frameY="-16" frameWidth="718" frameHeight="663"/>
	<SubTexture name="gfDance0004" x="2859" y="0" width="713" height="650" frameX="-2" frameY="-13" frameWidth="718" frameHeight="663"/>
	<SubTexture name="gfDance0005" x="0" y="650" width="713" height="650" frameX="-2" frameY="-13" frameWidth="718" frameHeight="663"/>
	<SubTexture name="gfDance0006" x="713" y="650" width="713" height="651" frameX="-2" frameY="-12" frameWidth="718" frameHeight="663"/>
	<SubTexture name="gfDance0007" x="1426" y="650" width="713" height="662" frameX="-2" frameY="-1" frameWidth="718" frameHeight="663"/>
	<SubTexture name="gfDance0008" x="1426" y="650" width="713" height="662" frameX="-2" frameY="-1" frameWidth="718" frameHeight="663"/>
	<SubTexture name="gfDance0009" x="1426" y="650" width="713" height="662" frameX="-2" frameY="-1" frameWidth="718" frameHeight="663"/>
	<SubTexture name="gfDance0010" x="2139" y="650" width="713" height="663" frameX="-2" frameY="0" frameWidth="718" frameHeight="663"/>
	<SubTexture name="gfDance0011" x="2139" y="650" width="713" height="663" frameX="-2" frameY="0" frameWidth="718" frameHeight="663"/>
	<SubTexture name="gfDance0012" x="2139" y="650" width="713" height="663" frameX="-2" frameY="0" frameWidth="718" frameHeight="663"/>
	<SubTexture name="gfDance0013" x="2852" y="650" width="713" height="662" frameX="-2" frameY="-1" frameWidth="718" frameHeight="663"/>
	<SubTexture name="gfDance0014" x="2852" y="650" width="713" height="662" frameX="-2" frameY="-1" frameWidth="718" frameHeight="663"/>
	<SubTexture name="gfDance0015" x="0" y="1313" width="713" height="651" frameX="-2" frameY="-12" frameWidth="718" frameHeight="663"/>
	<SubTexture name="gfDance0016" x="713" y="1313" width="718" height="651" frameX="0" frameY="-12" frameWidth="718" frameHeight="663"/>
	<SubTexture name="gfDance0017" x="1431" y="1313" width="715" height="651" frameX="0" frameY="-12" frameWidth="718" frameHeight="663"/>
	<SubTexture name="gfDance0018" x="2146" y="1313" width="713" height="651" frameX="-2" frameY="-12" frameWidth="718" frameHeight="663"/>
	<SubTexture name="gfDance0019" x="2859" y="1313" width="713" height="652" frameX="-2" frameY="-11" frameWidth="718" frameHeight="663"/>
	<SubTexture name="gfDance0020" x="0" y="1965" width="713" height="652" frameX="-2" frameY="-11" frameWidth="718" frameHeight="663"/>
	<SubTexture name="gfDance0021" x="713" y="1965" width="713" height="653" frameX="-2" frameY="-10" frameWidth="718" frameHeight="663"/>
	<SubTexture name="gfDance0022" x="1426" y="1965" width="713" height="658" frameX="-2" frameY="-5" frameWidth="718" frameHeight="663"/>
	<SubTexture name="gfDance0023" x="1426" y="1965" width="713" height="658" frameX="-2" frameY="-5" frameWidth="718" frameHeight="663"/>
	<SubTexture name="gfDance0024" x="1426" y="1965" width="713" height="658" frameX="-2" frameY="-5" frameWidth="718" frameHeight="663"/>
	<SubTexture name="gfDance0025" x="2139" y="1965" width="713" height="657" frameX="-2" frameY="-6" frameWidth="718" frameHeight="663"/>
	<SubTexture name="gfDance0026" x="2139" y="1965" width="713" height="657" frameX="-2" frameY="-6" frameWidth="718" frameHeight="663"/>
	<SubTexture name="gfDance0027" x="2139" y="1965" width="713" height="657" frameX="-2" frameY="-6" frameWidth="718" frameHeight="663"/>
	<SubTexture name="gfDance0028" x="2852" y="1965" width="713" height="657" frameX="-2" frameY="-6" frameWidth="718" frameHeight="663"/>
	<SubTexture name="gfDance0029" x="2852" y="1965" width="713" height="657" frameX="-2" frameY="-6" frameWidth="718" frameHeight="663"/>
</TextureAtlas>
