﻿<?xml version="1.0" encoding="utf-8"?>
<TextureAtlas imagePath="logoBumpin.png">
	<!-- Created with Adobe Animate version 19.0.0.326 -->
	<!-- http://www.adobe.com/products/animate.html -->
	<SubTexture name="logo bumpin0000" x="0" y="0" width="679" height="252" frameX="-15" frameY="-5" frameWidth="710" frameHeight="262"/>
	<SubTexture name="logo bumpin0001" x="0" y="0" width="679" height="252" frameX="-15" frameY="-5" frameWidth="710" frameHeight="262"/>
	<SubTexture name="logo bumpin0002" x="0" y="252" width="710" height="262"/>
	<SubTexture name="logo bumpin0003" x="0" y="252" width="710" height="262"/>
	<SubTexture name="logo bumpin0004" x="0" y="514" width="694" height="256" frameX="-8" frameY="-3" frameWidth="710" frameHeight="262"/>
	<SubTexture name="logo bumpin0005" x="0" y="514" width="694" height="256" frameX="-8" frameY="-3" frameWidth="710" frameHeight="262"/>
	<SubTexture name="logo bumpin0006" x="0" y="770" width="692" height="256" frameX="-9" frameY="-3" frameWidth="710" frameHeight="262"/>
	<SubTexture name="logo bumpin0007" x="0" y="770" width="692" height="256" frameX="-9" frameY="-3" frameWidth="710" frameHeight="262"/>
	<SubTexture name="logo bumpin0008" x="0" y="770" width="692" height="256" frameX="-9" frameY="-3" frameWidth="710" frameHeight="262"/>
	<SubTexture name="logo bumpin0009" x="0" y="770" width="692" height="256" frameX="-9" frameY="-3" frameWidth="710" frameHeight="262"/>
	<SubTexture name="logo bumpin0010" x="0" y="770" width="692" height="256" frameX="-9" frameY="-3" frameWidth="710" frameHeight="262"/>
	<SubTexture name="logo bumpin0011" x="0" y="770" width="692" height="256" frameX="-9" frameY="-3" frameWidth="710" frameHeight="262"/>
	<SubTexture name="logo bumpin0012" x="0" y="770" width="692" height="256" frameX="-9" frameY="-3" frameWidth="710" frameHeight="262"/>
	<SubTexture name="logo bumpin0013" x="0" y="770" width="692" height="256" frameX="-9" frameY="-3" frameWidth="710" frameHeight="262"/>
	<SubTexture name="logo bumpin0014" x="0" y="770" width="692" height="256" frameX="-9" frameY="-3" frameWidth="710" frameHeight="262"/>
</TextureAtlas>
